Tree,unique_gene_count,genes
1,61,ADAMTSL4|ADCY8|AHCTF1|ARC|ASH1L|BAG4|BAI1|C1orf101|CDC42BPA|CDH1|CEP170|CHRM3|COL22A1|CSMD3|EMC2|ERBB2|ERLIN2|FER1L6|FMN2|GATA3|GSDMC|HEATR1|HHLA1|HMCN1|HSF1|INTS8|KCNQ3|LETM2|MYEOV|NDUFB9|NLRP3|NOTCH2|OBSCN|OR14K1|OR2AK2|OR2C3|OR2T2|OR2T3|ORAOV1|PIK3CA|PKHD1L1|PLD5|PLEC|POU5F1B|PVT1|RAB11FIP1|RAD54B|RGS7|RYR2|SLC26A7|SLC52A2|SNTB1|SPTA1|TARBP1|TCHH|TG|TP53|TRPS1|TTN|VPS13B|ZNF670
2,66,ADRB3|AGO2|AHCTF1|BAG4|BAI1|C1orf101|C8orf86|CCAT1|CDC42BPA|CDH1|CEP170|COL22A1|CSMD1|CSMD3|DNAH14|ENPP2|ERBB2|FAM135B|FER1L6|FLG|FMN2|GATA3|HHLA1|HMCN1|IRF2BP2|KCNQ3|KCNU1|LINC00536|MYC|MYEOV|NDUFB9|NOTCH2|NSMCE2|OBSCN|OR14K1|OR2C3|OR2T2|OR2T34|PCNXL2|PDE4DIP|PIK3CA|PKHD1L1|PLD5|PLEKHA6|PVT1|RAB11FIP1|RECQL4|RGS22|RN7SL685P|SLC26A7|SPTA1|STAR|TARBP1|TARS2|TCHH|TMEM74|TP53|TRPS1|TTN|UBR5|USH2A|WHSC1L1|ZFAT|ZFPM2|ZNF251|ZP4
3,76,ADCK5|AHCTF1|ANO1|ASH1L|ATP6V1C1|CASC8|CCDC166|CDH1|CNBD1|CSMD1|CSMD3|DNAH14|EBAG9|EFR3A|EMC2|ENPP2|EPPK1|ERBB2|ERLIN2|FAM135B|FAM49B|FGF4|GATA3|GDF6|GRHL2|GSDMC|HSF1|INTS8|KCNQ3|KCNU1|MED30|MIR2053|MRPL13|MYC|MYEOV|NIPAL2|NOTCH2|OBSCN|OR14K1|OR2AK2|OR2B11|OR2C3|OR2T2|OR2T3|ORAOV1|OXR1|PDE4DIP|PIK3CA|PKHD1L1|PLD5|RAD54B|RIMS2|RN7SKP153|RNA5SP276|RUNX1T1|RYR2|SETDB1|SPTA1|TACC1|TARBP1|TBC1D31|TCHH|TFB2M|TG|TP53|TRIQK|TRPS1|TTN|UBR5|USH2A|VPS13B|WHSC1L1|YWHAZ|ZFAT|ZFPM2|ZNF496
4,76,ACTN2|ADSS|AHCTF1|ANO1|ARC|ASH1L|BAG4|CA14|CDH1|COL14A1|CSMD1|DENND3|DNAH14|ENPP2|EPPK1|ERBB2|ERLIN2|FAM135B|FER1L6|FLG|FMN2|GATA3|GLI4|GRHL2|HHLA1|HMCN1|LRRC6|MATN2|MIR2053|MIR30D|MIR599|MYEOV|NCALD|NDUFB9|NID1|NLRP3|NOTCH2|OBSCN|OC90|OR2AK2|OR2B11|OR2L3|OR2T2|OR2T3|OXR1|PCAT1|PCNXL2|PIK3CA|PKHD1L1|PLD5|PLEKHA6|POU5F1B|PPFIA1|PVT1|RAB11FIP1|RAD54B|RIMS2|RNA5SP276|RYR2|SLC26A7|SPTA1|TAF2|TARBP1|TCHH|TG|TMEM74|TP53|TRAPPC9|TRHR|TRIB1|TRIQK|TSPYL5|UBR5|WHSC1L1|ZFPM2|ZNF670
5,1,A0
6,61,ADCK5|AHCTF1|ANO1|BAALC|BAI1|BCL9|CDH1|COL14A1|CSMD1|CSMD3|DCAF13|DENND3|DNAH14|EFR3A|EIF3H|ENPP2|ERBB2|FER1L6|FLG|FLG2|GATA3|GLI4|GOT1L1|GPR137B|HEATR1|KCNS2|LYST|MED30|MTSS1|OR2T2|OR2T3|OR2T34|ORAOV1|PIK3CA|PKHD1L1|PLD5|PLEC|PPFIA1|PVT1|RGS7|RIMS2|RYR2|SHANK2|SLC26A7|SLC52A2|SPTA1|STAR|SYBU|TARBP1|TBC1D31|TCHH|TP53|TRAPPC9|TRIM67|TRIQK|TRPS1|TTN|ZFAT|ZFPM2|ZNF251|ZNF496
7,69,AHCTF1|AKT3|ANO1|ASH1L|ATAD2|BAG4|CA14|CDC42BPA|CDH1|CEP170|COL14A1|COL22A1|CSMD1|DENND3|DNAH14|EFR3A|ERBB2|EXT1|FAM135B|FLG|FLG2|GATA3|GLI4|GPR137B|GRHL2|HHLA1|HSF1|INTS8|KCNQ3|KHDRBS3|LRRC6|LYST|MAL2|MYEOV|NIPAL2|NLRP3|NOTCH2|OBSCN|OR14I1|OR14K1|OR2AK2|OR2C3|OR2T2|OR2T34|OXR1|PCNXL2|PIK3CA|PLEC|POU5F1B|PPFIA1|PVT1|RAB11FIP1|RAD54B|RIMS2|RYR2|SHANK2|SLC26A7|SPTA1|TACC1|TARBP1|TCHH|TP53|TRPS1|TTN|USH2A|WHSC1L1|ZHX1|ZNF670|ZP4
8,69,ADCY8|ADSS|AHCTF1|ANO1|BAG4|BAI1|CDH1|CNBD1|CNST|CSMD1|CSMD3|CYP11B2|DENND3|EFR3A|FER1L6|FGFR1|FLG|FLG2|FMN2|GATA3|GPR137B|HMCN1|HSF1|KCNQ3|KCNU1|KHDRBS3|KIAA1429|MIR599|MYEOV|NLRP3|NOTCH2|OBSCN|OPLAH|OR2G2|OR2L3|OR2T33|OR2T34|ORAOV1|OXR1|PCNXL2|PHF20L1|PIK3CA|PKHD1L1|PLD5|PLEC|PPFIA1|PVT1|RAB11FIP1|RAD54B|RUNX1T1|SETDB1|SLC26A7|SLC52A2|TCHH|TFB2M|TMEM74|TP53|TRIM67|TRPS1|TTN|UBR5|USH2A|VPS13B|WHSC1L1|ZNF251|ZNF496|ZNF623|ZNF670|ZP4
9,56,ADSS|ANXA13|BAALC|BCL9|COL14A1|CSMD1|DNAH14|EFR3A|ERLIN2|FLG|GATA3|GOT1L1|GPR137B|GSDMC|HHLA1|KCNU1|KCNV1|LINC00536|LRRC6|MIR1207|MYC|MYEOV|NDUFB9|NLRP3|NOTCH2|OR14K1|OR2AK2|OR2T2|OR2T3|ORAOV1|PCAT1|PIK3CA|PKHD1L1|PLD5|PLEKHA6|PPFIA1|PVT1|RAD54B|RIMS2|RYR2|SNORA31|ENSG00000252852.1|SPTA1|STAR|TFB2M|TG|TP53|TRIB1|TRIM67|TRIQK|TRPS1|TTN|WISP1|ZFPM2|ZP4|snoU13|ENSG00000238372.1|snoU13|ENSG00000238901.1
10,61,AHCTF1|ANO1|ASH1L|BAG4|CA14|CDH1|CDH17|CNBD1|COL14A1|CSMD1|CSMD3|DCSTAMP|DENND3|DESI2|DNAH14|EFR3A|ENPP2|ERBB2|ERLIN2|ESRP1|FLG|GATA3|GLI4|GPR137B|GPT|IRF2BP2|KCNQ3|KCNU1|LYST|MIR30D|MYEOV|NOTCH2|NSMCE2|OBSCN|OR2T3|ORAOV1|OXR1|PCNXL2|PIK3CA|PLD5|PLEKHA6|PPFIA1|PVT1|RAD54B|RIMS2|RYR2|TAF2|TARBP1|TCHH|TFB2M|TG|TP53|TRIM67|TRIQK|TRPS1|TTN|UBR5|USH2A|WHSC1L1|ZFPM2|ZP4
11,72,ADCK5|AKT3|ANGPT1|BAALC|BAG4|CCND1|CDH1|CEP170|CNBD1|COL14A1|CSMD3|CYP11B2|DENND3|DNAH14|EPPK1|FAM135B|FAM49B|FER1L6|FLG|GATA3|GDF6|GLI4|HMCN1|HORMAD1|HSF1|KCNU1|LYST|MIR30D|MIR548A3|MTBP|MTSS1|MYC|MYEOV|NLRP3|NOV|NUDCD1|OC90|OR14A16|OR2C3|OR2L8|OR2T1|OR2T2|OXR1|PCNXL2|PIK3CA|PLD5|PLEKHA6|RAB11FIP1|RAD54B|RIMS2|RNF139|RYR2|SCCPDH|SDC2|SLC26A7|SNORA31|ENSG00000252852.1|SPTA1|STAR|TACC1|TARBP1|TP53|TRAPPC9|TRIQK|TRPS1|TTN|UBR5|USH2A|VPS13B|WHSC1L1|ZFPM2|ZNF670|ZNF695
12,75,ADSS|ASAP1|BAALC|BAI1|BCL9|CA14|CDC42BPA|CDH1|CNBD1|COL14A1|CPQ|CSMD1|CSMD3|CTTN|DENND3|DNAH14|ENPP2|ERBB2|EXO1|FAM135B|FER1L6|FGF4|FLG|FLG2|GATA3|GSDMC|HHLA1|HMCN1|KCNQ3|KCNU1|KHDRBS3|LINC00536|MYEOV|NDUFB9|NOTCH2|OBSCN|OC90|OR14K1|OR2AK2|OR2G2|OR2L3|OR2T1|OR2T2|OR2T33|OR2T34|ORAOV1|PCAT1|PCNXL2|PDE4DIP|PIK3CA|PLD5|PLEKHA6|POU5F1B|PPFIA1|PVT1|RAB11FIP1|RIMS2|RUNX1T1|RYR2|SIPA1L2|SLC45A4|SPTA1|TACC1|TARS2|TFB2M|TMEM75|TP53|TRAPPC9|TRIM67|TRPS1|TTN|USH2A|ZP4|snoU13|ENSG00000238687.1|snoU13|ENSG00000238901.1
13,72,ADAMTSL4|ADCK5|ADCY8|ASAP1|ASH1L|BAALC|CA14|CCDC166|CDH1|COL22A1|CPSF1|CSMD1|CSMD3|DCAF13|DNAH14|EFR3A|ENPP2|EPPK1|ERBB2|ERLIN2|FER1L6|FLG|FMN2|GATA3|GLI4|GPR137B|GRHL2|HHLA1|HMCN1|INTS8|KCNQ3|KCNU1|MFSD3|MYC|MYEOV|NDUFB9|NLRP3|NOTCH2|OBSCN|OR2AK2|OR2C3|OR2L3|OR2T2|OR2T3|OR2T34|OXR1|PDE4DIP|PIK3CA|PLD5|PLEC|PLEKHA6|PVT1|RIMS2|RNF139|RYR2|SHANK2|SHARPIN|SLC52A2|SNX31|SPTA1|TARS2|TG|TMEM74|TP53|TRIB1|TRPS1|TTN|VPS13B|ZFPM2|ZHX1|ZNF251|ZNF670
14,71,ADCY8|ADSS|AHCTF1|AKT3|ANGPT1|ANO1|ASH1L|BAI1|BCL9|CDC42BPA|CDH1|COL14A1|CPQ|CSMD1|CSMD3|DPYS|EFR3A|ERBB2|ERLIN2|ESRP1|EXT1|FER1L6|FGFR1|FLG|GATA3|GDF6|GLI4|INTS8|KCNQ3|KHDRBS3|LINC00536|MIR30D|MYC|MYEOV|NDRG1|NDUFB9|NECAB1|NOTCH2|NSMCE2|OBSCN|OR13G1|OR2C3|OR2T1|OR2T2|OR2T27|OR2T33|OR2T34|ORAOV1|PDE4DIP|PIK3CA|PLD5|PLEKHA6|POU5F1B|PPFIA1|PVT1|RAD21|RECQL4|RN7SL350P|RYR2|SLC26A7|SLC52A2|TARBP1|TCHH|TG|TP53|TRPS1|TTN|ZFAT|ZFPM2|ZNF251|ZNF703
15,63,ABRA|ACTN2|ADCY8|ANO1|ARHGAP39|ATP6V1C1|CA14|CCND1|CDC42BPA|CDH1|CNBD1|COL22A1|CPSF1|CSMD1|DENND3|ECM1|ERLIN2|FGFR1|FLG2|FMN2|GATA3|GLI4|HEATR1|HMCN1|INTS8|IRF2BP2|KCNU1|KHDRBS3|KIAA0196|MTBP|NDUFB9|NOTCH2|OBSCN|OR2AK2|OR2C3|OR2L13|OR2L3|OR2T2|ORAOV1|OXR1|PDE4DIP|PIK3CA|PLD5|PLEKHA6|RAB11FIP1|RN7SL350P|SDCCAG8|SETDB1|SHANK2|SLC26A7|SLC52A2|SNX31|SPTA1|TACC1|TG|TMEM74|TP53|TRIM67|TTN|UBR5|USH2A|ZNF496|ZP4
16,65,ADSS|AHCTF1|ANKRD46|ASH1L|BAALC|BCL9|C1orf101|C8orf86|CA14|CDH1|CNBD1|COL14A1|COL22A1|CSMD3|EFR3A|EIF3H|ERBB2|FAM135B|FER1L6|FLG|FMN2|GATA3|GRHL2|HHLA1|HMCN1|HSF1|INTS8|KCNK9|KCNU1|LRRC6|MIR2053|MYC|MYEOV|NCALD|NOTCH2|OC90|OR2C3|OR2T2|OR2T33|OR2T34|OXR1|PCAT1|PDE4DIP|PIK3CA|PKHD1L1|PLD5|PLEC|PLEKHA6|RAD54B|RGS22|RIMS2|RYR2|SHANK2|SLC26A7|SLC52A2|SPTA1|TACC1|TAF2|TMEM71|TMEM75|TP53|TRPS1|TTN|WISP1|ZNF670
17,60,ADAMTSL4|AHCTF1|ANO1|ARC|ATP6V1C1|CA14|CDC42BPA|COL22A1|CSMD1|CSMD3|DENND3|DNAH14|EFR3A|ERBB2|FGF19|FMN2|GATA3|GPR137B|GSDMC|HMCN1|KCNQ3|KHDRBS3|LRRC6|MAPK15|MIR1208|MYEOV|NDUFB9|NOTCH2|NSMCE2|OBSCN|OR14K1|OR2AK2|OR2L3|OR2T1|OR2T2|OR2T3|OR2T33|OR2T34|OR2T8|PIK3CA|PLEC|PPFIA1|RAD54B|RIMS2|RYR2|SNX31|SPTA1|TARBP1|TBC1D31|TCHH|TFB2M|TMEM75|TP53|TRPS1|TTN|USH2A|VPS13B|ZFPM2|ZNF670|ZP4
18,70,ABRA|ADCK5|ADCY8|ADSS|AHCTF1|ANO1|ATAD2|BAI1|CA14|CASC8|CDC42BPA|CDH1|CNBD1|COL22A1|CSMD1|CSMD3|CYP11B1|CYP11B2|DNAH14|ENPP2|FLG|GATA3|GDF6|GPR137B|HHLA1|HMCN1|HSF1|INTS8|KCNU1|KMO|LINC00536|MATN2|MIR1208|MYC|MYEOV|NDUFB9|NLRP3|NOTCH2|OBSCN|OR2AK2|OR2T2|OR2T3|OR2T34|OXR1|PKHD1L1|PLEC|PLEKHA6|RAD54B|RIMS2|RYR2|SLC26A7|SLC52A2|SNX31|TAF2|TBC1D31|TCHH|TFB2M|TG|TP53|TRAPPC9|TRIM67|TRIQK|TRPS1|TTN|USH2A|VPS13B|ZFPM2|ZNF670|ZP4|snoU13|ENSG00000238372.1
19,56,ADCK5|ANO1|ASH1L|BAALC|CA14|CDH1|COL14A1|COL22A1|CSMD1|CSMD3|CYP11B1|DNAH14|FLG|GATA3|GLI4|GOT1L1|HSF1|KCNK9|KCNQ3|KCNU1|MIR30D|MYC|MYEOV|NOTCH2|OBSCN|OR2AK2|OR2C3|OR2L2|OR2T2|OXR1|PIK3CA|PKHD1L1|PLD5|PLEKHA6|PPFIA1|RAB11FIP1|RYR2|SHANK2|SIPA1L2|SLC26A7|SLC45A4|SPTA1|TAF2|TARBP1|TCHH|TP53|TRPS1|TSNARE1|TTN|USH2A|VPS13B|WHSC1L1|ZFPM2|ZNF250|ZNF496|ZNF670
20,67,ADCY8|AHCTF1|AKT3|ANO1|ARID4B|CDH1|COL14A1|COL22A1|CSMD1|CSMD3|CYP11B1|DENND3|DESI2|DNAH14|EFR3A|ERBB2|ERLIN2|FAM135B|FER1L6|FLG|FLG2|GATA3|GRHL2|HHLA1|HMCN1|MAPK15|MYC|MYEOV|NDUFAF6|NDUFB9|NECAB1|NOTCH2|OBSCN|OR2B11|OR2L2|OR2L3|OR2T1|OR2T2|OR2T3|OR2T34|OXR1|PDE4DIP|PHF20L1|PIK3CA|PLD5|PLEC|PPFIA1|RAD54B|RIMS2|RYR2|SHANK2|SLC26A7|SLC52A2|SPTA1|TARBP1|TCHH|TG|TMEM71|TMEM75|TP53|TRAPPC9|TRPS1|TTN|UBR5|USH2A|ZFPM2|ZP4
21,52,ACTN2|AHCTF1|AKT3|ANO1|ARC|ASH1L|BAALC|BCL9|CDC42BPA|CDH1|CDH17|CNBD1|EMC2|ERBB2|ERLIN2|EXO1|FAM135B|FAM49B|FER1L6|FLG|FMN2|GATA3|GLI4|HMCN1|INTS8|KIAA1429|KIF26B|LY6D|MIR1208|MYC|NOTCH2|OR2AK2|OR2C3|OR2T2|OR2T3|OR2T33|OR2T34|ORAOV1|PDE4DIP|PIK3CA|RAB11FIP1|RGS22|RGS7|RIMS2|RN7SL350P|RYR2|SHARPIN|SLC52A2|TMEM74|TP53|TTN|USH2A
22,69,ADCK5|ADSS|AHCTF1|ANO1|ASH1L|BAALC|BAI1|CASC8|CDC42BPA|CDH1|COL14A1|CSMD1|CSMD3|EFR3A|ENPP2|ERBB2|ERLIN2|FAM135B|FAM91A1|FGFR1|FLG|FLG2|FMN2|GATA3|GPR137B|GSDMC|HSF1|IRF2BP2|KCNU1|MIR30D|MIR548AA1|MIR599|MYC|MYEOV|NDUFB9|NOTCH2|OR2AK2|OR2T1|OR2T2|OR2T27|OR2T34|OXR1|PDE4DIP|PHF20L1|PIK3CA|PKHD1L1|PLD5|PLEC|PLEKHA6|PPAPDC1B|RIMS2|RNF139|RYR2|SHANK2|SLC30A8|SPTA1|TACC1|TAF2|TBC1D31|TCHH|TFB2M|TMEM74|TP53|TRIM67|TRPS1|TTN|USH2A|ZFPM2|snoU13|ENSG00000238372.1
23,61,ADCK5|ADSS|AHCTF1|ANO1|ARHGAP39|ATP6V1C1|BAALC|C8orf86|CA14|CDC42BPA|CDH1|COL14A1|CSMD1|ENPP2|ERBB2|ERLIN2|FAM91A1|FER1L6|FLG|FMN2|GATA3|GPR137B|GRHL2|HMCN1|KCNQ3|MAL2|MAPK15|MYC|MYEOV|NDUFB9|NLRP3|NOTCH2|OBSCN|OR2C3|OR2T2|OR2T3|OR2T34|ORAOV1|OXR1|PDE4DIP|PIK3CA|PKHD1L1|PLD5|PLEKHA6|PLEKHF2|PPFIA1|PVT1|RIMS2|SLC52A2|SPTA1|TCHH|TMEM74|TP53|TRIM67|TRPS1|TTN|USH2A|VPS13B|ZFAT|ZNF251|ZP4
24,52,ADCY8|ADSS|AKT3|ANO1|ARC|BAALC|CCDC166|CDC42BPA|CDH1|CNBD1|CPSF1|CSMD1|CSMD3|CYP11B1|DENND3|DNAH14|EFR3A|ENPP2|EPPK1|ERBB2|ERLIN2|FLG|GATA3|GSDMC|INTS8|IRF2BP2|LINC00536|MYEOV|NOTCH2|OBSCN|OPLAH|OR14K1|OR2T3|OR2T35|PDE4DIP|PIK3CA|PLD5|RECQL4|RIMS2|RYR2|SHANK2|SMYD3|SPTA1|TARBP1|TARS2|TCHH|TG|TP53|TRIM67|TTN|ZHX1|ZP4
25,59,ABRA|ADCY8|AHCTF1|ANO1|ATAD2|CCAT1|CDH1|CNBD1|COL14A1|CPQ|CSMD1|CSMD3|DENND3|ERBB2|ERLIN2|FAM135B|FER1L6|GATA3|GLI4|GPR137B|GRHL2|HHLA1|HMCN1|LINC00536|MAPK15|MATN2|MED30|MYEOV|OBSCN|OR2AK2|OR2C3|OR2L3|OR2T1|OR2T2|OR2T3|OXR1|PCNXL2|PIK3CA|PKHD1L1|PLD5|PLEKHA6|PVT1|RAD54B|RIMS2|RYR2|SCRIB|SHANK2|TAF2|TARBP1|TCHH|TFB2M|TG|TP53|TRAPPC9|TRPS1|TTN|USH2A|ZFPM2|ZNF670
26,63,ACTN2|ADAMTSL4|ADCK5|ADSS|AHCTF1|AKT3|ASH1L|ATAD2|BAI1|CA14|CDC42BPA|CDH1|CEP170|CSMD1|CTTN|CYP11B1|DPY19L4|ENPP2|ERBB2|FLG|GATA3|HHLA1|HMCN1|KCNQ3|KCNU1|LYST|MYC|MYEOV|NDUFB9|NID1|NOTCH2|OBSCN|OR14K1|OR2AK2|OR2C3|OR2T1|OR2T2|OR2T33|OR2T34|OR2T5|ORAOV1|OXR1|PIK3CA|PKHD1L1|PLD5|PLEC|POP1|RGS7|RIMS2|RYR2|SDCCAG8|SHANK2|SPTA1|TACC1|TARS2|TCHH|TMEM75|TP53|TRPS1|TTN|USH2A|ZNF496|ZP4
27,73,ADCK5|ADCY8|ADSS|AHCTF1|ANO1|ARC|BAG4|BCL9|CA14|CDC42BPA|CDH1|COL22A1|CSMD1|CSMD3|DENND3|DNAH14|ENPP2|ERBB2|ERLIN2|ESRP1|FER1L6|FLG|GATA3|GLI4|HEATR1|HMCN1|IRF2BP2|KCNQ3|KIF26B|MAL2|MTBP|MYC|MYEOV|NDUFB9|NOTCH2|OBSCN|OR14A16|OR14K1|OR2AK2|OR2G6|OR2L13|OR2L3|OR2T2|OR2T3|OR2T34|ORAOV1|OXR1|PDE4DIP|PIK3CA|PKHD1L1|PLD5|PLEKHA6|PLEKHF2|PPFIA1|PVT1|RIMS2|RN7SL563P|RUNX1T1|SDCCAG8|TACC1|TARBP1|TBC1D31|TCHH|TG|TMEM71|TP53|TRIM67|TTN|UBR5|WISP1|ZFAT|ZNF670|ZP4
28,70,ARC|ARHGAP39|C1orf101|CA14|CDC42BPA|CDH1|CEP170|CNBD1|COL14A1|CSMD1|CSMD3|CYP11B1|DENND3|EFR3A|EIF3H|ERBB2|ERLIN2|FER1L6|FLG|FLG2|FMN2|GATA3|HHLA1|HMCN1|HSF1|IRF2BP2|KCNU1|LINC00536|LRP12|LYST|MIR30D|MYC|MYEOV|NOTCH2|OBSCN|OC90|OR2AK2|OR2C3|OR2L13|OR2L2|OR2L8|OR2T1|ORAOV1|PIK3CA|PKHD1L1|PLD5|PLEC|PLEKHA6|PROSC|RGS7|RIMS2|RYR2|SDCCAG8|SHANK2|SLC26A7|SPTA1|TACC1|TBC1D31|TCHH|TMEM74|TMEM75|TP53|TRIM67|TTN|UBR5|ZFPM2|ZNF250|ZNF496|ZNF695|ZP4
29,68,ACTN2|ADCK5|ADCY8|ADSS|AHCTF1|ANO1|ARID4B|ASAP1|AZIN1|BAALC|BAG4|C1orf101|CA14|CCDC166|CDC42BPA|CDH1|CNBD1|COL22A1|CSMD1|CSMD3|CYP11B2|DENND3|DNAH14|EFR3A|EIF3H|ERBB2|GATA3|GSDMC|HMCN1|HSF1|IRF2BP2|KCNQ3|KCNU1|KHDRBS3|LYST|MIR30D|MROH6|MYEOV|NIPAL2|NLRP3|NOTCH2|OR2C3|OR2G2|OR2L13|OR2L2|OR2L3|OR2T2|OR2T3|ORAOV1|PCAT1|PDE4DIP|PIK3CA|PKHD1L1|PLD5|POU5F1B|PVT1|RAB11FIP1|RNF139|SDC2|SHANK2|SNX31|TG|TP53|TRHR|TTN|ZHX1|ZNF703|ZP4
30,48,ADSS|AHCTF1|ASH1L|ATAD2|CDC42BPA|CDH1|CEP170|COL14A1|CSMD1|CSMD3|DNAH14|DPY19L4|ENPP2|ERBB2|ERLIN2|FAM135B|FLG|GLI4|GPR137B|HMCN1|KCNU1|KHDRBS3|KMO|LYST|MYEOV|OBSCN|OR14A16|OR14K1|OR2AK2|OR2C3|OR2L3|OR2T3|PIK3CA|PLD5|POU5F1B|PVT1|RIMS2|RYR2|SLC52A2|TACC1|TP53|TRIM67|TRPS1|TTN|USH2A|ZNF670|ZNF695|ZP4
31,57,ADSS|AHCTF1|ARHGAP39|ARID4B|ASH1L|ATAD2|BAALC|BCL9|CA14|CDH1|CNBD1|COL22A1|CSMD1|CSMD3|DENND3|DNAH14|EIF3H|ERBB2|FER1L6|FLG|GATA3|GPR137B|HHLA1|INTS8|KCNQ3|KCNU1|MIR1208|MIR30D|MTSS1|NDUFB9|NOTCH2|OR2L8|OR2T1|OR2T2|OR2T34|ORAOV1|PDE4DIP|PIK3CA|PLEC|PLEKHA6|PPFIA1|PVT1|RAB11FIP1|RIMS2|RYR2|SHANK2|SNX31|SPTA1|TCHH|TG|TP53|TRIM67|TRPS1|TTN|USH2A|ZFPM2|ZNF670
32,65,ADCK5|ADCY8|ADSS|AHCTF1|ANO1|BAI1|CA14|CDC42BPA|CDH1|CNBD1|COL14A1|COL22A1|CPSF1|CSMD1|CTTN|DENND3|DNAH14|EFR3A|ENPP2|ERBB2|ERLIN2|FADD|FAM49B|FER1L6|FGFR1|FLG|GATA3|GDF6|GLI4|GOT1L1|GPR137B|HMCN1|HSF1|IRF2BP2|KCNU1|KIAA1429|MTBP|MTDH|MYC|MYEOV|NCALD|NDUFB9|NECAB1|NOTCH2|OR2AK2|OR2T33|OXR1|PDE4DIP|PIK3CA|PVT1|RAD21|RECQL4|SHANK2|SLC52A2|SPTA1|STAR|TACC1|TARBP1|TARS2|TCHH|TG|TP53|TRPS1|TTN|ZFAT
33,69,ANO1|BAG4|CCDC166|CDH1|CNBD1|COL22A1|CSMD1|DENND3|DNAH14|DPY19L4|EFR3A|ENPP2|ERBB2|ERLIN2|FAM135B|FAM49B|FLG|GATA3|GDF6|GPR137B|GSDMC|HMCN1|INTS8|IRF2BP2|KCNQ3|KCNU1|LAPTM4B|LINC00536|MAPK15|MIR1208|MYEOV|NOTCH2|OBSCN|OR14K1|OR2AK2|OR2B11|OR2C3|OR2T1|OR2T2|OR2T3|OR2T34|PDE4DIP|PIK3CA|PKHD1L1|PLEC|PPFIA1|RAB11FIP1|RAD54B|RIMS2|RN7SL350P|RYR2|SLC26A7|SPTA1|TACC1|TAF2|TARBP1|TARS2|TBC1D31|TCHH|TG|TMEM74|TMEM75|TP53|TRPS1|TTN|USH2A|ZFPM2|ZNF670|ZP4
34,50,ADCK5|ADCY8|ASH1L|CDC42BPA|CDH1|CSMD1|CSMD3|DERL1|ERBB2|ERLIN2|FAM135B|FAM91A1|FLG|FMN2|GPR137B|GSDMC|HEATR1|HHLA1|HMCN1|KCNU1|KMO|MYEOV|NOTCH2|OBSCN|OPLAH|OR14K1|OR2T2|OR2T34|ORAOV1|PCAT1|PIK3CA|PLEKHA6|RIMS2|SCCPDH|SHANK2|SLC26A7|SNX31|SPTA1|TCHH|TMEM67|TMEM74|TP53|TRIM67|TTN|UBR5|VPS13B|ZFPM2|ZNF496|ZNF670|ZP4
35,77,ADAMTSL4|ADCK5|AGO2|ARHGAP39|ASH1L|BAALC|BAI1|CDH1|COL14A1|COL22A1|CPSF1|CSMD1|CSMD3|CYP11B1|ENPP2|ERBB2|ERLIN2|FAM135B|FAM49B|FAM91A1|FGF4|GATA3|GLI4|GOT1L1|GPR137B|HSF1|KCNU1|LRP12|MYEOV|NDUFB9|NOTCH2|OR14K1|OR2C3|OR2L3|OR2T1|OR2T2|OR2T3|OR2T34|ORAOV1|OXR1|PIK3CA|PKHD1L1|PLEC|PLEKHF2|POU5F1B|PPFIA1|RAB11FIP1|RAD21|RAD54B|RGS7|RIMS2|RN7SKP226|RN7SL350P|RYR2|SDC2|SHANK2|SLC26A7|SLC30A8|SLC52A2|SNX31|SPTA1|TAF2|TARBP1|TCHH|TFB2M|TMEM71|TMEM74|TP53|TRAPPC9|TTN|USH2A|VPS13B|WHSC1L1|ZFPM2|ZHX1|ZNF703|ZP4
36,66,AHCTF1|AKT3|ANO1|ARID4B|ASH1L|BAG4|CDC42BPA|CDH1|CNBD1|COL22A1|CSMD1|CSMD3|DNAH14|EIF3H|ERBB2|ERLIN2|FAM49B|FER1L6|FGF4|FGFR1|FLG|FLG2|GATA3|IRF2BP2|KCNK9|KCNQ3|KCNU1|KHDRBS3|LINC00536|LRRC6|MTBP|MTSS1|MYEOV|NDUFB9|NOTCH2|OBSCN|OR14A16|OR2C3|OR2T1|OR2T2|OR2T27|OR2T34|ORAOV1|OXR1|PIK3CA|PLD5|PLEC|POU5F1B|PPFIA1|PVT1|RGS22|RYR2|SHANK2|SLC52A2|TARS2|TFB2M|TG|TP53|TRAPPC9|TRIM67|TRPS1|TTN|UBR5|WHSC1L1|ZFPM2|snoU13|ENSG00000238901.1
37,63,ADCK5|AGO2|AHCTF1|ANO1|ATP6V1C1|BAI1|CDC42BPA|CDH1|CSMD1|CSMD3|CYP11B1|CYP11B2|DENND3|DESI2|EFR3A|ENPP2|ERBB2|FAM135B|FER1L6|FMN2|GATA3|GRHL2|GSDMC|HHLA1|HMCN1|HSF1|KCNU1|KHDRBS3|MYC|MYEOV|NDUFB9|NOTCH2|OBSCN|OR2AK2|OR2C3|OR2L3|OR2T2|OR2T3|OR2T33|OR2T34|OR2T5|ORAOV1|PIK3CA|PKHD1L1|PLEC|PVT1|RAD21|RAD54B|RIMS2|RN7SL350P|RNA5SP276|SPTA1|TACC1|TARBP1|TCHH|TP53|TRAPPC9|TRPS1|TTN|USH2A|VPS13B|WISP1|ZNF670
38,61,ADCK5|AHCTF1|ANO1|BAALC|BAG4|BCL9|C8orf86|CDC42BPA|CDH1|COL14A1|CSMD1|DNAH14|EMC2|EPPK1|GATA3|GPR137B|HHLA1|HMCN1|HSF1|KCNQ3|KCNU1|KHDRBS3|LRRC6|MATN2|MYEOV|NDUFB9|NLRP3|NOTCH2|NSMCE2|OR2AK2|OR2C3|OR2G2|OR2L2|OR2L3|OR2T1|OR2T2|OXR1|PIK3CA|POU5F1B|PPFIA1|PTK2|PVT1|RAD21|RAD54B|RGS7|RIMS2|RYR2|SETDB1|SPTA1|TAF2|TCHH|TFB2M|TP53|TRIM67|TRPS1|TTN|UBR5|USH2A|WISP1|ZFPM2|ZNF670
39,70,ADAMTSL4|ADCK5|ADSS|AHCTF1|ANO1|ASAP1|BAALC|BAG4|CDH1|CDH17|CEP170|COL22A1|CSMD1|CSMD3|DCAF13|DENND3|DNAH14|EFR3A|EIF3H|ERLIN2|ESRP1|GATA3|GLI4|GRHL2|GSDMC|HMCN1|INTS8|LINC00536|LINC00861|MYEOV|NDUFB9|NOTCH2|OBSCN|OR2L13|OR2L3|OR2T1|OR2T2|OR2T3|OR2T34|ORAOV1|PCNXL2|PDE4DIP|PIK3CA|PKHD1L1|PLD5|PLEKHA6|PVT1|RAB11FIP1|RAD54B|RIMS2|RUNX1T1|RYR2|SLC26A7|SPAG1|SPTA1|TACC1|TARBP1|TCHH|TG|TMEM74|TP53|TRIM58|TRIQK|UBR5|USH2A|VPS13B|ZFPM2|ZNF496|ZNF670|ZP4
40,72,ADCY8|ADSS|ANO1|BAALC|BAG4|BAI1|CA14|CDH1|COL14A1|CPSF1|CSMD1|DENND3|DNAH14|DPY19L4|DSCC1|EFR3A|ERBB2|FAM135B|FAM49B|FLG|GATA3|GDF6|GPR137B|HSF1|KCNQ3|KCNU1|LYST|MATN2|MIR548AA1|MTSS1|MYC|MYEOV|OR14A16|OR14K1|OR2AK2|OR2C3|OR2L2|OR2T2|OR2T27|ORAOV1|OXR1|PDE4DIP|PIK3CA|PLD5|PLEKHA6|PVT1|RAB11FIP1|RIMS2|RN7SL350P|RUNX1T1|RYR2|SETDB1|SHANK2|SLC26A7|SLC52A2|SNX31|SPTA1|TAF2|TBC1D31|TCHH|TG|TP53|TP53INP1|TRIM67|TRIQK|TRPS1|TTN|USH2A|VPS13B|ZFAT|ZFPM2|ZP4
41,60,ADAMTSL4|ADCK5|ADSS|AHCTF1|ASH1L|ATP6V1C1|BCL9|CCAT1|CDC42BPA|CDH1|DNAH14|DSCC1|EFR3A|EMC2|ERLIN2|FER1L6|FLG|FMN2|GPR137B|GRHL2|HHLA1|KCNK9|KCNQ3|KHDRBS3|MTSS1|MYEOV|NOTCH2|OBSCN|OR14I1|OR2C3|OR2T2|OR2T3|OR2T34|ORAOV1|OXR1|PHF20L1|PIK3CA|PKHD1L1|PLD5|PROSC|PVT1|RGS22|RIMS2|RN7SKP226|RYR2|SDCCAG8|SHANK2|TBC1D31|TFB2M|TP53|TRAPPC9|TRPS1|TSPYL5|TTN|USH2A|ZNF250|ZNF251|ZNF623|ZP4|snoU13|ENSG00000238372.1
42,60,ADSS|AKT3|ANO1|ARID4B|BAG4|BAI1|CDC42BPA|CDH1|CNBD1|COA6|COL22A1|CSMD1|CSMD3|DENND3|ERBB2|ERLIN2|FLG|FMN2|GATA3|GDF6|GPR137B|GSDMC|HEATR1|IRF2BP2|LYST|MAPK15|MYC|MYEOV|NDUFB9|NIPAL2|NLRP3|NOV|OBSCN|OR14K1|OR2AK2|OR2C3|OR2T2|ORAOV1|OXR1|PHF20L1|PIK3CA|PLD5|PLEKHA6|POU5F1B|PVT1|RAB11FIP1|RAD21|RYR2|SLC30A8|SLC52A2|SPTA1|TARBP1|TBC1D31|TP53|TRPS1|TTN|USH2A|ZFAT|ZFPM2|ZNF670
43,62,ADCK5|ARC|ATP6V1C1|BAALC|BAI1|CCDC166|CDC42BPA|CDH1|COL14A1|CPQ|CSMD1|CYP11B1|DENND3|DNAH14|EPPK1|ERBB2|FGF4|FLG|GLI4|GPR137B|GRHL2|HMCN1|HSF1|IRF2BP2|KHDRBS3|LINC00536|MIR30D|MROH6|MTSS1|MYC|NOTCH2|NRBP2|OR2C3|OR2L3|OR2T1|OR2T2|OR2T3|OR2T33|OR2T4|ORAOV1|PCNXL2|PDE4DIP|PIK3CA|PLEC|RIMS2|RN7SKP226|RN7SL350P|RNF139|SDC2|SHANK2|SLC52A2|SPTA1|TACC1|TARBP1|TCHH|TFB2M|TP53|TRIB1|TRIM67|USH2A|ZFPM2|ZNF251
44,63,ABRA|ACTN2|ADCK5|ADSS|ARC|ATAD2|BAALC|BAG4|BCL9|C8orf47|CA14|CDH1|CPSF1|CYP11B1|EIF3H|ENPP2|ERBB2|ERLIN2|FLG|FMN2|GATA3|GDF6|GPR137B|HEATR1|HHLA1|HMCN1|INTS8|MIR30D|MYEOV|NDUFB9|NOTCH2|NOV|OBSCN|OR2L13|OR2T2|PIK3CA|PLEKHA6|PLEKHF2|PVT1|RAB11FIP1|RAD54B|RGS22|RIMS2|RN7SL350P|RUNX1T1|SDCCAG8|SLC26A7|SNX31|TACC1|TARBP1|TARS2|TMEM71|TMEM74|TP53|TRAPPC9|TRIM67|TRIQK|TRPS1|TTN|USH2A|WHSC1L1|ZFPM2|ZP4
45,64,ADCY8|ADSS|BAI1|BCL9|CDH1|CDH17|CEP170|CNBD1|COL14A1|CSMD1|CYP11B2|DENND3|DNAH14|DPY19L4|EIF3H|EPPK1|ERBB2|ERLIN2|EXO1|FMN2|GATA3|HMCN1|KCNQ3|KCNV1|KMO|MAPK15|MIR30D|MROH6|MYEOV|NECAB1|NOTCH2|OBSCN|OR14K1|OR2AK2|OR2L13|OR2L3|OR2T2|OR2T27|OR2T3|ORAOV1|OXR1|PIK3CA|PKHD1L1|PLEC|PLEKHA6|PVT1|RAB11FIP1|RAD54B|RIMS2|RN7SL350P|RYR2|SNX31|SPTA1|TARBP1|TFB2M|TMEM74|TP53|TP53INP1|TRIQK|TRPS1|TTN|USH2A|VPS13B|ZFPM2
46,64,ADCK5|ADSS|AHCTF1|ANO1|BAALC|BAG4|CA14|CDH1|CNBD1|COL22A1|CSMD1|CSMD3|DENND3|EFR3A|ENPP2|ERBB2|ERLIN2|EXO1|FAM135B|FER1L6|FGF4|FLG|GATA3|GLI4|GPR137B|GRHL2|GSDMC|HEATR1|HHLA1|LINC00536|NDUFB9|NLRP3|NOTCH2|OBSCN|OR14K1|OR2AK2|OR2C3|OR2L13|OR2T1|OR2T2|OR2T3|OR2T34|ORAOV1|OXR1|PCAT1|PIK3CA|PKHD1L1|PLD5|PLEKHA6|POU5F1B|PPFIA1|PVT1|RNF139|RYR2|SHANK2|TCHH|TFB2M|TG|TP53|TRIM67|ZFPM2|ZNF670|ZNF695|snoU13|ENSG00000238372.1
47,62,AHCTF1|ANO1|ARC|ARID4B|BAG4|CA14|CDH1|COL22A1|CSMD1|CSMD3|CYP11B2|DENND3|DNAH14|EFR3A|EPPK1|ERBB2|ERLIN2|EXO1|FAM135B|FER1L6|FGF4|FGFR1|FLG|FLG2|GATA3|HMCN1|HSF1|KCNQ3|KCNU1|KMO|MYEOV|NDUFB9|NOTCH2|OBSCN|OR13G1|OR2C3|OR2T12|OR2T2|OR2T3|OR2T34|ORAOV1|OXR1|PCAT1|PIK3CA|PLD5|PLEC|PLEKHA6|RAD54B|RGS7|RIMS2|RUNX1T1|RYR2|SHANK2|SPTA1|TMEM74|TMEM75|TP53|TRPS1|TTN|USH2A|ZNF670|ZP4
48,50,ADCK5|AHCTF1|ARHGAP39|BAALC|BAI1|CDC42BPA|CDH1|COL22A1|CSMD3|CYP11B1|DENND3|FAM49B|GLI4|GPR124|GPR137B|HMCN1|HSF1|KHDRBS3|NOTCH2|OBSCN|OR2C3|OR2G6|OR2L3|OR2T1|OR2T3|OXR1|PCAT1|PCNXL2|PIK3CA|PLEKHA6|POU5F1B|PVT1|RIMS2|RYR2|SCCPDH|SH3BP5L|SLC26A7|SLC39A4|SLC45A4|SLC52A2|TARBP1|TCHH|TP53|TRIM67|TRPS1|TTN|UBR5|USH2A|VPS13B|ZNF7
49,58,ADCK5|AGO2|ANO1|ASH1L|BAG4|CDH1|CEP170|CNBD1|COL22A1|CPQ|CSMD1|DDHD2|DNAH14|EFR3A|EPPK1|ERBB2|ERLIN2|FAM49B|FMN2|GATA3|GLI4|GPR124|GRHL2|HMCN1|KCNQ3|KCNU1|LYST|MAL2|MROH5|MTSS1|MYC|MYEOV|NDUFB9|NOTCH2|OPLAH|OR2T2|ORAOV1|OXR1|PIK3CA|PKHD1L1|PLD5|PLEC|PPFIA1|PVT1|RAB11FIP1|RAD54B|RN7SL350P|SDCCAG8|SETDB1|TARBP1|TBC1D31|TMEM75|TP53|TRAPPC9|TTN|USH2A|ZFAT|ZFPM2
50,72,ADCK5|ARHGAP39|ARID4B|ATP6V1C1|BAALC|BAG4|CCAT1|CDC42BPA|CDH1|CNBD1|COL22A1|COX6C|CPSF1|CSMD1|CSMD3|DENND3|ERLIN2|FAM135B|FAM49B|FLG|GATA3|GDF6|GLI4|GPR137B|GRHL2|INTS8|IRF2BP2|KCNU1|MIR1207|MTSS1|MYEOV|NCALD|NDUFB9|NOTCH2|NSMCE2|OBSCN|OR2AK2|OR2T1|OR2T2|OR2T3|OR2T33|OR2T34|OXR1|PIK3CA|PKHD1L1|PLEC|PPFIA1|PVT1|RAB11FIP1|RAD21|RAD54B|RIMS2|RUNX1T1|SHANK2|SLC26A7|SLC52A2|SPTA1|TACC1|TCHH|TG|TP53|TRAPPC9|TRHR|TRPS1|TSPYL5|TTN|ZFPM2|ZHX1|ZNF251|ZNF670|ZP4|snoU13|ENSG00000238901.1
51,68,ADCY8|AHCTF1|ANO1|ATP6V1C1|CA14|CCDC166|CDC42BPA|CDH1|COL22A1|CPQ|CSMD1|CSMD3|CYP11B1|DCAF13|DENND3|DNAH14|ECM1|EFR3A|EPPK1|ERLIN2|GATA3|GEM|GLI4|GPR137B|GRHL2|HHLA1|HMCN1|IRF2BP2|KCNQ3|KCNU1|KIAA0196|MIR30D|MIR5194|MYC|MYEOV|NDUFB9|NID1|NLRP3|NOTCH2|OBSCN|OR2AK2|OR2T2|OR2T3|OR2T33|ORAOV1|PIK3CA|PKHD1L1|PLD5|PLEC|PLEKHA6|PVT1|RAB11FIP1|RAD54B|RIMS2|RYR2|SDC2|SLC26A7|SPTA1|TACC1|TARS2|TCHH|TMEM71|TMEM75|TP53|TRPS1|TTN|VPS13B|ZNF695
52,66,AHCTF1|ANO1|ARID4B|ASH1L|ATAD2|BAG4|CDH1|CNBD1|CSMD1|CSMD3|CYP11B2|DENND3|DNAH14|EFR3A|ENPP2|ERBB2|ESRP1|EXO1|FER1L6|FLG|GATA3|GPR137B|HSF1|INTS8|KCNQ3|KCNU1|MIR548A3|MYEOV|NDUFB9|NID1|OBSCN|OPLAH|OR2AK2|OR2C3|OR2L3|OR2T1|OR2T2|OR2T33|OR2T34|ORAOV1|PCNXL2|PDE4DIP|PIK3CA|PKHD1L1|PLD5|PLEC|PLEKHA6|POU5F1B|PPFIA1|RAB11FIP1|RAD54B|RYR2|SDCCAG8|SLC26A7|SNORA25|ENSG00000251744.1|SNTB1|TARBP1|TCHH|TFB2M|TMEM74|TP53|TRPS1|TSNARE1|TTN|ZNF670|ZP4
53,57,ADCY8|ADSS|AHCTF1|ARID4B|BAALC|BAG4|CA14|CDH1|CSMD1|CSMD3|DENND3|DNAH14|EFR3A|EPPK1|ERBB2|ESRP1|FLG|GATA3|GRHL2|INTS8|KCNU1|LYST|MYEOV|NDUFB9|NLRP3|NOTCH2|OR2AK2|OR2C3|OR2L3|OR2T2|OXR1|PDE4DIP|PIK3CA|PKHD1L1|POU5F1B|PPFIA1|RAB11FIP1|RAD21|RGS22|RIMS2|RN7SKP153|RN7SL350P|SHANK2|SNX31|SPTA1|SYBU|TARBP1|TCHH|TMEM74|TMEM75|TP53|TRPS1|TSPYL5|TTN|VPS13B|ZFAT|ZFPM2
54,72,AHCTF1|ANGPT1|ANO1|BAG4|BCL9|CA14|CCND1|CDC42BPA|CDH1|CNBD1|COL14A1|COL22A1|CSMD1|CSMD3|CYP11B1|CYP11B2|EFR3A|ESRP1|EXO1|FAM135B|GPR137B|HMCN1|HSF1|KCNK9|KCNU1|KCNV1|KHDRBS3|KIAA1429|KMO|LINC00536|LSM1|MED30|MROH6|MYC|NIPAL2|NOTCH2|OBSCN|OR14K1|OR2C3|OR2L3|OR2T2|OR2T3|OR2T34|OXR1|PIK3CA|PKHD1L1|PLD5|PVT1|RAB11FIP1|RGS22|RGS7|RIMS2|RN7SL350P|RNF139|RYR2|SDC2|SHANK2|SLC52A2|SPTA1|TARBP1|TBC1D31|TMEM74|TP53|TRIM67|TRPS1|TTN|USH2A|VPS13B|ZNF250|ZNF496|ZNF623|ZP4
55,68,ACTN2|ADCK5|AHCTF1|ANO1|BAI1|CA14|CCND1|CDC42BPA|CDH1|CNBD1|COL22A1|CSMD1|CYP11B2|DCAF13|DNAH14|EFR3A|ENPP2|ERBB2|ERLIN2|FAM135B|FAM49B|FLG|FMN2|GATA3|GDF6|GRHL2|IRF2BP2|KCNQ3|KCNU1|LINC00536|MIR1208|MYEOV|NDUFB9|NOTCH2|OBSCN|OR2AK2|OR2C3|OR2L8|OR2T2|OR2T3|OXR1|PCAT1|PCNXL2|PIK3CA|PKHD1L1|PLD5|PLEC|PLEKHA6|PVT1|RECQL4|RGS7|RIMS2|RN7SL350P|RNF139|RUNX1T1|SDCCAG8|SLC26A7|SLC52A2|TARBP1|TFB2M|TP53|TRAPPC9|TRIM67|TTN|USH2A|ZFAT|ZFPM2|ZP4
56,58,ADCY8|ANO1|ASAP1|BAI1|CDC42BPA|CDH1|COL22A1|CSMD1|CSMD3|CTTN|CYP11B1|DCAF13|DNAH14|ERBB2|ERLIN2|ESRP1|FER1L6|FLG|GATA3|GDF6|HSF1|LRP12|MYEOV|NDUFB9|NID1|NOTCH2|OBSCN|OPLAH|OR13G1|OR14K1|OR2AK2|OR2T1|OR2T2|OR2T3|OR2T33|ORAOV1|OXR1|PIK3CA|PKHD1L1|PLD5|PLEC|PLEKHA6|RAD54B|RIMS2|RN7SKP226|RYR2|SCRIB|SLC26A7|SLC52A2|SPTA1|TARBP1|TCHH|TFB2M|TP53|TTN|YWHAZ|ZNF670|ZP4
57,60,ANO1|ARC|BAALC|BAG4|BAI1|CCDC166|CEP170|CNBD1|COL22A1|CPQ|CSMD1|CSMD3|CYP11B1|DENND3|DNAH14|ERBB2|FAM135B|FLG2|FMN2|GATA3|GPR137B|GSDMC|HMCN1|KCNQ3|KHDRBS3|KIF26B|LINC00536|MYEOV|NDUFB9|NECAB1|NOTCH2|OBSCN|OR13G1|OR14K1|OR2AK2|OR2C3|OR2L3|OR2T1|OR2T2|ORAOV1|PDE4DIP|PIK3CA|PKHD1L1|PLD5|PLEKHA6|PLEKHF2|PVT1|RAD54B|RIMS2|RYR2|SDCCAG8|SHANK2|TACC1|TRAPPC9|TRIM67|TRPS1|UBR5|USH2A|VPS13B|ZNF670
58,72,ADAMTSL4|ADSS|AHCTF1|ANO1|ATP6V1C1|BAALC|BAG4|CCDC166|CCND1|CDH1|CDH17|CEP170|CNBD1|COL14A1|CPSF1|CSMD1|CSMD3|CTTN|CYP11B1|CYP11B2|DNAH14|ENPP2|ERBB2|FAM135B|FER1L6|FLG2|FMN2|GATA3|GPR137B|GRHL2|HEATR1|HHLA1|HMCN1|INTS8|KCNS2|KCNU1|LINC00536|MYEOV|NOTCH2|OR14A16|OR2AK2|OR2C3|OR2L13|OR2L3|OR2T1|OR2T2|OR2T3|OR2T33|ORAOV1|PCNXL2|PIK3CA|PLD5|RAD54B|RGS22|RIMS2|SDCCAG8|SETDB1|SPTA1|TARBP1|TARS2|TCHH|TMEM74|TP53|TRAPPC9|TRIM67|TRPS1|TTN|USH2A|WDYHV1|ZFPM2|ZNF670|ZP4
59,46,ACTN2|ADSS|AHCTF1|ANO1|ARC|ASH1L|ATAD2|CDC42BPA|CDH1|CSMD3|DNAH14|ENPP2|ERBB2|EXO1|FER1L6|GEM|GPR137B|IRF2BP2|KCNU1|KMO|LRP12|MTSS1|NOTCH2|OR14A16|OR14K1|OR2C3|OR2L13|OR2L3|OR2T2|OR2T33|ORAOV1|PCNXL2|PIK3CA|PKHD1L1|PLEKHA6|RAB11FIP1|RGS7|SHANK2|TARS2|TP53|TRAPPC9|TTN|USH2A|ZNF623|ZNF670|ZP4
60,67,ADCK5|ADCY8|AKT3|ANO1|ASH1L|ATP6V1C1|BCL9|CDC42BPA|CDH1|CNBD1|CSMD1|CYP11B1|DENND3|DNAH14|EMC2|ERBB2|ERLIN2|FAM135B|FLG|GATA3|GPR137B|GRHL2|HMCN1|HSF1|KCNU1|KHDRBS3|MAPK15|MATN2|MIR2053|MROH5|MTSS1|MYC|MYEOV|NDUFB9|NOTCH2|OR2C3|OR2L3|OR2T1|OR2T2|OR2T3|ORAOV1|OXR1|PARP10|PDE4DIP|PIK3CA|PLD5|PLEC|PPFIA1|PTK2|PVT1|RN7SL350P|RUNX1T1|SDC2|SETDB1|SHANK2|SLC52A2|TACC1|TCHH|TG|TP53|TTN|USH2A|WHSC1L1|WISP1|ZFPM2|ZP4|snoU13|ENSG00000238372.1
61,60,ADSS|AGO2|AHCTF1|ARID4B|CDC42BPA|CDH1|CEP170|COL14A1|CSMD1|CSMD3|CTTN|ENPP2|ESRP1|FAM135B|FLG|FLG2|FSBP|GATA3|GPR137B|HHLA1|HMCN1|KMO|LINC00536|LRP12|MAPK15|MATN2|MTBP|MYEOV|NOTCH2|OR14K1|OR2AK2|OR2C3|OR2T2|OR2T27|OR2T33|OR2T34|PDE4DIP|PIK3CA|PLD5|PLEKHF2|POU5F1B|PVT1|RAB11FIP1|RAD21|RECQL4|RIMS2|RN7SL350P|RYR2|SHANK2|SLC26A7|TACC1|TCHH|TFB2M|TMEM74|TP53|TRIQK|TRPS1|TTN|ZNF670|ZNF695
62,45,ADCK5|ADSS|AHCTF1|ANO1|BAI1|CEP170|COL22A1|CSMD1|CSMD3|CYP11B1|DNAH14|EMC2|ERBB2|FGFR1|GATA3|GEM|GPR137B|HHLA1|HMCN1|HSF1|MYEOV|NOTCH2|OR14K1|OR2AK2|OR2C3|OR2T1|OR2T2|OR2T3|PHF20L1|PIK3CA|PLD5|PLEKHA6|POP1|PROSC|RN7SL350P|RYR2|SLC52A2|SNX31|TG|TMEM65|TP53|TRIM67|UBR5|USH2A|snoU13|ENSG00000238901.1
63,50,ADSS|AHCTF1|ASH1L|CA14|CDH1|CEP170|CNBD1|CPQ|CSMD1|CSMD3|DENND3|DNAH14|ECM1|ERBB2|FMN2|GATA3|GSDMC|HMCN1|KIAA1429|MYEOV|NOTCH2|OBSCN|OR2AK2|OR2C3|OR2T2|OR2T3|OR2T34|ORAOV1|PDE4DIP|PIK3CA|PLEKHA6|POU5F1B|PROSC|PVT1|RAB11FIP1|RUNX1T1|RYR2|SCCPDH|SETDB1|SHANK2|SLC26A7|SPTA1|TACC1|TCHH|TP53|TTN|USH2A|ZFAT|ZNF670|ZP4
64,65,ADSS|ARC|BAI1|BCL9|CDC42BPA|CDH1|CEP170|CNBD1|COL22A1|CPQ|CPSF1|CSMD1|CYP11B1|DENND3|DNAH14|EFR3A|EIF3H|ENPP2|EPPK1|ERBB2|EXO1|FAM135B|FER1L6|FLG|GATA3|GLI4|GPR137B|HMCN1|IRF2BP2|LINC00536|LSM1|MED30|MIR548A3|MYEOV|NCALD|NDUFB9|NOTCH2|OR14I1|OR2AK2|OR2C3|OR2T1|OR2T3|OR2T34|ORAOV1|PIK3CA|PKHD1L1|POU5F1B|RECQL4|RIMS2|RYR2|SYBU|TBC1D31|TCHH|TFB2M|TG|TMEM74|TMEM75|TP53|TRIM67|TRPS1|TTN|WHSC1L1|ZFAT|ZFPM2|ZNF496
65,47,ADCY8|ADSS|BCL9|CDC42BPA|CDH1|COL22A1|CSMD1|CSMD3|CYP11B1|DNAH14|ERLIN2|EXO1|FAM135B|GPR137B|GRHL2|HEATR1|HSF1|KMO|MYEOV|NOTCH2|OR2C3|OR2G2|OR2T2|OR2T3|OR2T34|OR2W3|ORAOV1|PIK3CA|PLEKHA6|PPFIA1|RAB11FIP1|RGS7|RYR2|SLC26A7|SLC30A8|SPTA1|TACC1|TARBP1|TFB2M|TP53|TRIM67|TTN|USH2A|VPS13B|ZNF496|ZNF670|ZP4
66,58,AHCTF1|ANGPT1|ARHGAP39|ASH1L|CA14|CSMD1|DPY19L4|EPPK1|ERBB2|ERLIN2|FER1L6|FLG|GATA3|GLI4|HHLA1|HMCN1|IRF2BP2|KCNK9|KCNQ3|KHDRBS3|LINC00536|MTSS1|MYEOV|NOTCH2|OBSCN|OR2AK2|OR2C3|OR2L3|OR2T2|OR2T3|OR2T34|ORAOV1|PDE4DIP|PIK3CA|PKHD1L1|PLD5|PPFIA1|RIMS2|RN7SL563P|RYR2|SCRIB|SETDB1|SHANK2|SLC26A7|SPTA1|TACC1|TARBP1|TARS2|TCHH|TFB2M|TP53|TTN|UBR5|USH2A|VPS13B|ZFPM2|ZNF670|ZP4
67,64,ACTN2|ADCY8|AHCTF1|ASAP1|ASH1L|BCL9|CDH1|CYP11B1|DNAH14|EFR3A|ENPP2|EPPK1|ERBB2|ERLIN2|FER1L6|FLG|GATA3|GDF6|GPR137B|HHLA1|HMCN1|KCNQ3|KCNU1|LYST|MIR1207|MYEOV|NCALD|NOTCH2|OR2C3|OR2L2|OR2T2|OR2T3|OR2T33|OXR1|PARP10|PCAT1|PDE4DIP|PIK3CA|PLD5|PLEC|PLEKHA6|PPFIA1|PVT1|RAD54B|RIMS2|SDCCAG8|SHANK2|SLC26A7|SNX31|SPTA1|TACC1|TARBP1|TBC1D31|TCHH|TG|TP53|TRAPPC9|TRPS1|TTN|USH2A|VPS13B|WISP1|ZFPM2|ZNF670
68,66,ABRA|ADSS|AKT3|ANO1|ASH1L|BAALC|BAG4|BAI1|BCL9|CCAT1|CNBD1|COL22A1|CSMD1|CSMD3|CYP11B1|DENND3|DNAH14|EFR3A|ERBB2|ERLIN2|FER1L6|FLG|FLG2|FMN2|GATA3|GDF6|GPR137B|KCNU1|KIAA1429|LRP12|MYC|MYEOV|NDUFB9|NOTCH2|OBSCN|OPLAH|OR14A16|OR14K1|OR2C3|OR2T2|OR2T34|ORAOV1|PCNXL2|PIK3CA|PLD5|PLEC|PLEKHA6|PPFIA1|PTDSS1|RN7SL563P|RYR2|SETDB1|SHANK2|TAF2|TARBP1|TCHH|TMEM67|TMEM74|TP53|TRIM67|TTN|UBR5|USH2A|ZFPM2|ZNF670|ZP4
69,73,ADCK5|AHCTF1|AKT3|BAI1|CA14|CDC42BPA|CHRM3|CNBD1|COA6|COL14A1|COL22A1|CPSF1|CSMD1|CSMD3|DENND3|DNAH14|EFR3A|EIF3H|ENPP2|ERLIN2|EXT1|FAM135B|FAM49B|FER1L6|FLG|FLG2|GATA3|GPR137B|HEATR1|HMCN1|HSF1|IRF2BP2|KCNU1|KIAA0196|LINC00536|MIR548AA1|MYEOV|NDUFB9|NOTCH2|OBSCN|OR14K1|OR2L13|OR2L3|OR2T2|OR2T3|OR2T34|ORAOV1|PCNXL2|PIK3CA|PKHD1L1|PLD5|PLEKHA6|PLEKHF2|RAD21|RAD54B|RIMS2|RYR2|SLC26A7|SLC52A2|TACC1|TCHH|TFB2M|TMEM75|TP53|TRIM67|TRPS1|TTN|UBR5|WISP1|ZFAT|ZFPM2|ZNF670|snoU13|ENSG00000238372.1
70,72,ABRA|ACTN2|ADCY8|AHCTF1|ANKRD46|ARC|ARID4B|ASAP1|ATAD2|BAALC|CCDC166|CDH1|COL22A1|CPQ|CPSF1|CSMD1|ENPP2|EXT1|FAM49B|FLG|GATA3|GLI4|HHLA1|HMCN1|IRF2BP2|KCNU1|LINC00536|LY6D|MATN2|MIR30D|MIR548AA1|NDUFB9|NOTCH2|OC90|OR2AK2|OR2C3|OR2L3|OR2T2|OR2T3|OR2T33|OR2T34|PCAT1|PCNXL2|PDE4DIP|PDP1|PIK3CA|PKHD1L1|PLD5|PLEC|PLEKHA6|PVT1|RIMS2|RNA5SP276|RNF139|RUNX1T1|RYR2|SLC52A2|SPTA1|SYBU|TBC1D31|TCHH|TMEM74|TP53|TRAPPC9|TRIB1|TRIQK|TTN|UBR5|ZFPM2|ZNF670|ZNF695|ZP4
71,55,ABRA|ANO1|ARHGAP39|BAG4|BAI1|CCDC166|CDH1|CNBD1|COL22A1|CSMD3|CYP11B1|DPY19L4|ERBB2|ERLIN2|GATA3|GPR137B|IRF2BP2|KCNU1|KIF26B|LRP12|LY6D|MIR30D|MIR599|MYEOV|NDUFB9|NLRP3|NOTCH2|NSMCE2|NUDCD1|OR2AK2|OR2C3|OR2L2|OR2T1|OR2T2|OR2T3|OR2T34|OXR1|PIK3CA|PLD5|PLEKHA6|PVT1|RECQL4|RN7SL350P|RNF139|RYR2|SDC2|SYBU|TAF2|TBC1D31|TRAPPC9|TRPS1|TTN|UBR5|ZFPM2|ZP4
72,79,ABRA|ACTN2|ADCY8|ANO1|ASAP1|BAI1|CASC7|CCDC166|CDH1|CNST|COL22A1|CSMD1|CYP11B1|DENND3|DPY19L4|EFR3A|EIF3H|ENPP2|ERBB2|ERLIN2|EXT1|FAM49B|FAM91A1|FER1L6|FGF19|FLG|FMN2|GATA3|GDF6|GLI4|GPR137B|GRHL2|HHLA1|HMCN1|HSF1|INTS8|IRF2BP2|KCNQ3|KCNU1|MIR30D|MTSS1|MYEOV|NDUFB9|NOTCH2|OBSCN|OR2C3|OR2T2|OR2T3|OR2T34|ORAOV1|OXR1|PCNXL2|PDE4DIP|PIK3CA|PLD5|PLEC|RAB11FIP1|RAD54B|RECQL4|RIMS2|RN7SL563P|RNA5SP276|RUNX1T1|SHANK2|SLC26A7|SLC52A2|SNX31|SPTA1|SYBU|TARBP1|TBC1D31|TCHH|TMEM74|TMEM75|TP53|UBR5|USH2A|VPS13B|ZFPM2
73,67,ABRA|ACTN2|ADCY8|ADSS|AHCTF1|ANO1|ASH1L|BCL9|CDC42BPA|CDH1|COL14A1|CSMD1|CSMD3|DENND3|EFR3A|EMC2|ENPP2|EPPK1|ERBB2|ERLIN2|EXO1|FER1L6|FLG|GATA3|GSDMC|HSF1|INTS8|KCNU1|KIAA1429|MIR30D|MTBP|MYEOV|NDUFB9|OBSCN|OR14A16|OR2C3|OR2L13|OR2L3|OR2T1|OR2T2|OR2T3|OR2T33|PCAT1|PDE4DIP|PGBD2|PHF20L1|PIK3CA|PLEC|PLEKHA6|PTK2|RNA5SP276|RUNX1T1|SDCCAG8|SETDB1|SLC26A7|SPTA1|TARBP1|TBC1D31|TCHH|TMEM75|TP53|TRPS1|TTN|UBR5|ZNF496|ZNF670|snoU13|ENSG00000238687.1
74,69,ADCK5|ADSS|AHCTF1|ARHGAP39|BAI1|BRF2|CDC42BPA|CDH1|CEP170|COL22A1|CPSF1|CSMD1|CSMD3|CYP11B1|DNAH14|EFR3A|FAM135B|FER1L6|FGF4|FLG|FLG2|GATA3|GPR137B|GRHL2|GSDMC|HHLA1|INTS8|IRF2BP2|KCNK9|KCNU1|LRRC6|LY6D|MIR30D|MYEOV|NDRG1|NDUFB9|NOTCH2|NRBP2|OBSCN|OR14K1|OR2AK2|OR2C3|OR2G6|OR2L3|OR2T2|OR2T3|OR2T33|OR2T34|ORAOV1|OXR1|PDP1|PIK3CA|PKHD1L1|PLD5|PVT1|RAD54B|RGS7|RIMS2|SDCCAG8|SLC52A2|STAR|TBC1D31|TCHH|TMEM74|TP53|TRIM67|TRPS1|TTN|ZP4
75,71,ABRA|ADCY8|AHCTF1|ANO1|ASH1L|BCL9|CDC42BPA|CDH1|CDH17|CSMD1|CSMD3|DENND3|DNAH14|DPYS|EFR3A|EPPK1|ERBB2|FLG|GATA3|GDF6|GLI4|GPR137B|HHLA1|HMCN1|IRF2BP2|KCNQ3|KHDRBS3|KIAA1429|KIF26B|MTBP|MYC|MYEOV|NDUFB9|NECAB1|NOTCH2|OBSCN|OC90|OR14K1|OR2C3|OR2T2|ORAOV1|OXR1|PCAT1|PIK3CA|PLD5|PLEC|PLEKHA6|POU5F1B|PPFIA1|PVT1|RAD54B|RECQL4|RN7SL350P|RYR2|SETDB1|SHANK2|SPTA1|TACC1|TAF2|TBC1D31|TCHH|TP53|TRAPPC9|TRIM67|TTN|USH2A|VPS13B|ZFPM2|ZNF251|ZNF623|ZP4
76,61,ARID4B|ASH1L|ATAD2|BAALC|BAG4|CCDC166|CDH1|COL14A1|COL22A1|CPSF1|CSMD3|EFR3A|ENPP2|ERBB2|ERLIN2|FAM49B|FER1L6|FMN2|GATA3|GPR137B|HHLA1|HMCN1|INTS8|KCNQ3|KCNU1|KHDRBS3|LINC00536|MATN2|MYEOV|NOTCH2|OR14K1|OR2AK2|OR2B11|OR2T1|OR2T3|OR2T34|ORAOV1|OXR1|PCAT1|PDE4DIP|PIK3CA|PLD5|PLEKHA6|POU5F1B|PVT1|RAD21|RAD54B|RIMS2|SLC30A8|SPTA1|SYBU|TACC1|TCHH|TG|TP53|TRAPPC9|TRIQK|TRPS1|TTN|USH2A|ZNF670
77,66,ADCK5|AHCTF1|ARC|ARID4B|BAALC|BAI1|BCL9|CA14|CDH1|CNBD1|CSMD1|CSMD3|CYP11B1|DENND3|EFR3A|EIF3H|ENPP2|ERBB2|ERLIN2|ESRP1|FAM135B|FMN2|GATA3|GDF6|GRHL2|HHLA1|HMCN1|HSF1|INTS8|KCNQ3|LINC00536|LY6D|MIR30D|MIR548AA1|MYEOV|NDUFB9|NOTCH2|NOV|OBSCN|OR2AK2|OR2T1|OR2T2|OR2T3|ORAOV1|PCAT1|PIK3CA|PLEC|PLEKHA6|PLEKHF2|RAD54B|RIMS2|RN7SL350P|SLC30A8|SLC52A2|SYBU|TARBP1|TBC1D31|TG|TMEM74|TP53|TRIM67|TRPS1|TTN|ZFPM2|ZNF250|ZP4
78,69,ABRA|ADCK5|ADCY8|AHCTF1|ATAD2|BAALC|BAI1|BCL9|CA14|CDH1|CDH17|CNBD1|COL22A1|CPSF1|CSMD1|CSMD3|CTTN|CYP11B1|DENND3|DNAH14|EFR3A|ENPP2|EPPK1|ERLIN2|FAM135B|FGF4|FLG|FMN2|GATA3|GDF6|GLI4|HHLA1|HMCN1|HSF1|KCNQ3|MTSS1|MYEOV|NDUFB9|NID1|OR13G1|OR2AK2|OR2T2|OR2T3|OR2T34|OXR1|PARP10|PDE4DIP|PIK3CA|PLD5|PLEC|PLEKHA6|RAD54B|RIMS2|RYR2|SLC26A7|SNX31|SPTA1|TACC1|TCHH|TMEM75|TP53|TRAPPC9|TRIM67|TRIQK|TRPS1|TTN|ZFAT|ZFPM2|ZNF496
79,69,ADCK5|ADCY8|AHCTF1|AKT3|ASH1L|BAALC|CA14|CEP170|COL22A1|CSMD1|CSMD3|CYP11B1|DENND3|DPY19L4|ENPP2|EPPK1|ERBB2|ERLIN2|FAM84B|FER1L6|FGFR1|FLG|FLG2|GATA3|GDF6|GPR137B|GRHL2|HMCN1|INTS8|KCNQ3|KIF26B|LRP12|MYC|MYEOV|NDUFB9|NLRP3|NOTCH2|OBSCN|OC90|OR2AK2|OR2C3|OR2T2|OR2T3|OR2T34|ORAOV1|OXR1|PCNXL2|PIK3CA|PKHD1L1|PLD5|PVT1|RAD54B|RIMS2|RYR2|SCRIB|SHANK2|SLC26A7|SLC52A2|TCHH|TMEM67|TP53|TRIM67|TRPS1|TTN|USH2A|VPS13B|ZFPM2|ZNF695|ZP4
80,75,ADCK5|AGO2|ARHGAP39|ASH2L|ATP6V1C1|BAALC|BAI1|BCL9|CASC8|CCDC166|CDH1|COL14A1|COL22A1|CSMD3|DENND3|DPY19L4|ENPP2|ERBB2|FLG|FMN2|GATA3|GLI4|GOT1L1|GPR137B|GRHL2|HSF1|IRF2BP2|KCNQ3|KCNU1|KIAA0196|LINC00536|LRRC6|LSM1|LY6D|MATN2|MIR30D|MTBP|MYEOV|NDUFAF6|NDUFB9|NECAB1|NLRP3|NOTCH2|OR14K1|OR2B11|OR2C3|OR2T1|OR2T3|OR2T33|OR2T34|ORAOV1|PDE4DIP|PIK3CA|PLEKHA6|PVT1|RAD54B|RYR2|SDC2|SHANK2|SIPA1L2|SLC26A7|SLC52A2|SPTA1|TACC1|TARBP1|TARS2|TCHH|TP53|TRPS1|TTN|USH2A|WISP1|ZFPM2|ZNF670|ZP4
81,67,ADCK5|ADSS|AHCTF1|ANO1|ARC|BAALC|BAG4|BAI1|BCL9|CDC42BPA|CDH1|CDH17|CNBD1|COL22A1|CPQ|CSMD3|EFR3A|ENPP2|EPPK1|ERBB2|FER1L6|FLG|FMN2|GATA3|GPR137B|GSDMC|HSF1|KCNU1|LY6D|LYST|MIR30D|MTBP|NDUFB9|NLRP3|NOTCH2|OC90|OR2AK2|OR2C3|OR2M5|OR2T1|OR2T2|OR2T3|ORAOV1|OXR1|PCAT1|PDE4DIP|PIK3CA|PLD5|PLEKHF2|POU5F1B|PPFIA1|PVT1|RYR2|SHANK2|SPTA1|TAF2|TBC1D31|TCHH|TP53|TRAPPC9|TRIM67|TTN|VPS13B|YWHAZ|ZFPM2|ZNF703|ZP4
82,72,ADCK5|ADCY8|ANGPT1|ANO1|ASH1L|ATAD2|BAALC|BCL9|CA14|CCDC166|CDH1|CNBD1|COL14A1|CSMD1|CSMD3|DCAF13|DNAH14|EIF3H|ENPP2|EPPK1|ERBB2|ERLIN2|FER1L6|FGF4|FLG|GATA3|GLI4|GRHL2|HHLA1|HMCN1|HSF1|INTS8|KCNQ3|MAPK15|MIR30D|MTBP|MYEOV|NDUFB9|NOTCH2|NOV|OR2AK2|OR2B11|OR2C3|OR2L3|OR2T1|OR2T2|OR2T34|ORAOV1|PARP10|PDE4DIP|PIK3CA|PKHD1L1|PLEKHA6|POU5F1B|RAD21|RAD54B|RN7SKP226|RUNX1T1|RYR2|SHANK2|TARBP1|TCHH|TG|TMEM74|TMEM75|TP53|TRPS1|TTN|USH2A|ZFPM2|ZNF670|ZP4
83,75,ABRA|ADCK5|AHCTF1|ANO1|ARHGAP39|ARNT|ASH1L|BAALC|BAG4|BAI1|CA14|CDC42BPA|CDH1|CEP170|CSMD3|DDHD2|DENND3|ECM1|EFR3A|ENPP2|ERBB2|ERLIN2|ESRP1|FAM135B|FAM83A|FLG2|GATA3|GPR124|GPR137B|HMCN1|HORMAD1|KCNQ3|KIF26B|KMO|LYST|MIR1208|MIR599|MYEOV|NLRP3|OBSCN|OC90|OR2AK2|OR2C3|OR2G2|OR2L13|OR2T2|OR2T3|OR2T34|ORAOV1|PIK3CA|PKHD1L1|PLD5|PLEC|PLEKHA6|PLEKHF2|RAD54B|RIMS2|SNX31|SPTA1|TARBP1|TARS2|TCHH|TP53|TRAPPC9|TRIM67|TRIQK|TRPS1|TTN|UBR5|USH2A|ZFPM2|ZNF16|ZNF670|ZNF695|ZP4
84,47,ADCY8|AGO2|ANO1|ASH1L|BCL9|BRF2|CDH1|CEP170|COL22A1|CSMD1|CSMD3|CTTN|DNAH14|DPY19L4|ERBB2|FAM49B|FLG|GATA3|GDF6|HMCN1|KCNQ3|MTSS1|MYEOV|NOTCH2|OBSCN|OR14A16|OR2T33|OXR1|PKHD1L1|PPFIA1|RAD54B|RGS22|RYR2|SHANK2|SMYD3|SPTA1|TACC1|TARBP1|TP53|TP53INP1|TRAPPC9|TTN|UBR5|ZHX1|ZNF250|ZNF623|ZNF703
85,59,ADCY8|ADSS|ANO1|ARID4B|ASH1L|BAG4|C1orf101|CA14|CCND1|CDC42BPA|CDH1|CNBD1|CSMD1|DENND3|DNAH14|EFR3A|EMC2|ENPP2|EPPK1|ERBB2|FAM135B|FAM84B|FLG|GATA3|GOT1L1|GPR137B|GRHL2|HMCN1|LRP12|LYST|MTSS1|NOTCH2|OBSCN|OC90|OR11L1|OR2AK2|OR2L3|OR2T34|ORAOV1|PCNXL2|PIK3CA|PKHD1L1|PLD5|PPAPDC1B|PPFIA1|PVT1|RAB11FIP1|RN7SL350P|RYR2|SHANK2|SPTA1|TACC1|TARBP1|TP53|TRIM67|TRPS1|TTN|WHSC1L1|ZNF670
86,58,AHCTF1|AKT3|ANGPT1|ANO1|ASH1L|CCDC166|CDC42BPA|CDH1|CEP170|COL22A1|CPSF1|CSMD1|CYP11B1|DNAH14|ENPP2|ERBB2|ERLIN2|FLG|GATA3|GLI4|GSDMC|HHLA1|HMCN1|IRF2BP2|KIAA1429|MAL2|MYEOV|NLRP3|NOTCH2|OBSCN|OR2C3|OR2L3|OR2T1|OR2T2|OR2T3|OR2T33|OR2T8|PDE4DIP|PIK3CA|PKHD1L1|PLEKHA6|RAD54B|RECQL4|RYR2|SHANK2|SLC26A7|SPTA1|TARS2|TCHH|TP53|TRPS1|TTN|UBR5|USH2A|VPS13B|WHSC1L1|WISP1|ZNF670
87,66,ABRA|ADCY8|ANO1|ATP6V1C1|AZIN1|BAALC|BAG4|CDH1|CNBD1|COL14A1|COL22A1|CSMD1|CSMD3|EFR3A|ENPP2|ERBB2|FER1L6|FGF4|FLG|GATA3|GDF6|GPR137B|HMCN1|HSF1|IRF2BP2|KCNS2|KCNU1|KIAA1429|KMO|LINC00536|LY6D|MED30|MIR30D|MYEOV|NDUFB9|NOTCH2|OBSCN|OR13G1|OR14K1|OR2AK2|OR2T2|ORAOV1|PIK3CA|PLD5|PLEC|PLEKHA6|PVT1|RAD54B|RN7SL350P|RNF139|RYR2|SDC2|SLC26A7|SLC52A2|STAR|SYBU|TARBP1|TBC1D31|TCHH|TG|TMEM71|TP53|TRAPPC9|TTN|VPS13B|ZFPM2
88,72,ABRA|ADSS|AHCTF1|AKT3|ANO1|BAALC|BAI1|BCL9|CA14|CDC42BPA|CEP170|CNBD1|CNST|COL14A1|COL22A1|CSMD1|CTTN|CYP11B1|DDHD2|DNAH14|EFR3A|ERBB2|EXT1|FAM135B|FLG2|FMN2|GATA3|GDF6|GSDMC|HHLA1|HMCN1|HSF1|INTS8|KCNQ3|LRP12|LY6D|MED30|MYEOV|NDUFB9|NIPAL2|NOTCH2|OR2C3|OR2T2|OR2T3|OXR1|PARP10|PIK3CA|PVT1|RAB11FIP1|RAD54B|RGS22|RGS7|RIMS2|RUNX1T1|SETDB1|SLC26A7|SLC52A2|SPTA1|TAF2|TCHH|TMEM74|TRAPPC9|TRIM67|TTN|UBR5|VPS13B|WHSC1L1|ZFAT|ZFPM2|ZNF496|ZNF695|snoU13|ENSG00000238372.1
89,81,ADCK5|ADCY8|AHCTF1|ARHGAP39|ATP6V1C1|BAALC|BAG4|BAI1|BCL9|BRF2|CASC7|CASC8|CCDC166|CDH1|COL14A1|COL22A1|CPSF1|CSMD1|CTTN|CYP11B1|DENND3|DNAH14|EFR3A|ENPP2|ERBB2|FAM49B|FAM91A1|FGF4|FLG|GATA3|GDF6|GLI4|GSDMC|HHLA1|HMCN1|HSF1|INTS8|KCNQ3|KIFC2|KMO|LY6D|MYC|NLRP3|NOTCH2|NSMCE2|NUDCD1|OBSCN|OR13G1|OR2AK2|OR2B11|OR2C3|OR2T2|OR2T3|OR2T33|ORAOV1|PIK3CA|PLEC|PTK2|PVT1|RAD21|RAD54B|RSPO2|RYR2|SHANK2|SLC26A7|SLC39A4|SLC52A2|SPTA1|TACC1|TCHH|TG|TMEM75|TP53|TRAPPC9|TRIQK|TTN|USH2A|VPS13B|WISP1|ZFPM2|ZHX1
90,67,ACTN2|ADCY8|ADSS|ANO1|ARID4B|ASH1L|ASH2L|C8orf86|CDC42BPA|CDH1|CSMD1|CSMD3|DNAH14|DPYS|EFR3A|EMC2|ENPP2|ERBB2|ERLIN2|ESRP1|FER1L6|FLG|FMN2|GATA3|GLI4|GPR137B|HMCN1|HSF1|INTS8|IRF2BP2|KCNQ3|KMO|LINC00536|MYC|MYEOV|NDUFB9|NID1|OBSCN|OR14K1|OR2C3|OR2L3|OR2T2|OR2T3|ORAOV1|OXR1|PIK3CA|PKHD1L1|PTK2|PVT1|RGS7|RIMS2|RNF139|SLC26A7|SLC39A4|SPTA1|SYBU|TACC1|TCHH|TG|TMEM75|TOP1MT|TP53|TRHR|TTN|USH2A|ZFAT|ZNF670
91,66,ADCY8|ADRB3|ADSS|AHCTF1|ANO1|BAALC|CDC42BPA|CDH1|CNBD1|COL22A1|CSMD3|DPY19L4|EFR3A|ENPP2|ERBB2|ERLIN2|FLG|FMN2|GATA3|GLI4|GRHL2|GSDMC|HHLA1|HMCN1|INTS8|IRF2BP2|KCNQ3|KCNU1|MIR3686|MTBP|MYC|MYEOV|NDUFB9|NOTCH2|OBSCN|OPLAH|OR2AK2|OR2L3|OR2T1|OR2T2|OR2T3|OR2T34|ORAOV1|PDE4DIP|PIK3CA|PLD5|PLEKHF2|PVT1|RAD21|RAD54B|RIMS2|RUNX1T1|RYR2|SDCCAG8|TACC1|TAF2|TARBP1|TCHH|TG|TP53|TRIM67|TRPS1|TTN|VPS13B|ZFPM2|ZP4
92,64,ADCK5|ADSS|AHCTF1|ANO1|CA14|CDH1|CSMD1|CSMD3|CTTN|DCSTAMP|DENND3|DNAH14|ERBB2|ERLIN2|FGF4|FGFR1|FLG2|GATA3|GLI4|GPR137B|GRHL2|GSDMC|HMCN1|IRF2BP2|KCNQ3|KCNU1|KIAA1429|MTBP|NLRP3|NOTCH2|NOV|OBSCN|OR14A16|OR14K1|OR2AK2|OR2C3|OR2L13|OR2T2|ORAOV1|OXR1|PCNXL2|PDE4DIP|PHF20L1|PIK3CA|PLD5|PLEC|PLEKHA6|PVT1|RN7SKP226|RNF19A|SIPA1L2|SPTA1|TACC1|TARBP1|TCHH|TG|TMEM74|TP53|TRIM67|TTN|USH2A|VPS13B|ZFPM2|ZP4
93,59,ADSS|AHCTF1|ANO1|CDC42BPA|CDH1|CEP170|CNBD1|COA6|COL14A1|CSMD1|CSMD3|DNAH14|DPY19L4|ECM1|EIF3H|ENPP2|ERBB2|FLG|FMN2|GATA3|GRHL2|HMCN1|KCNQ3|KCNU1|MYC|MYEOV|NDUFB9|NLRP3|NOTCH2|OR13G1|OR2AK2|OR2T1|OR2T2|OR2T3|OR2T34|ORAOV1|PDE4DIP|PIK3CA|PKHD1L1|PLD5|PLEC|PLEKHA6|RAD54B|RIMS2|RYR2|SLC26A7|SLC30A8|SPTA1|TBC1D31|TCHH|TMEM71|TMEM74|TP53|TP53INP1|TTN|UBR5|USH2A|ZFPM2|ZP4
94,49,ACTN2|ADSS|AHCTF1|BAG4|CDC42BPA|CDH1|CDH17|CEP170|CSMD1|CSMD3|ENPP2|EPPK1|ERBB2|FAM135B|GATA3|GPR137B|GRHL2|HEATR1|HHLA1|HMCN1|INTS8|KMO|MYC|MYEOV|OR14A16|OR14K1|OR2T2|OR2T3|OR2T33|OR2T34|OXR1|PCNXL2|PIK3CA|PLD5|PLEKHA6|RIMS2|RYR2|SH3BP5L|SHANK2|SLC26A7|TCHH|TP53|TRPS1|TTN|USH2A|ZFPM2|ZNF251|ZNF670|ZNF695
95,53,ACTN2|ADCY8|AHCTF1|BAG4|BCL9|CDH1|CEP170|COL14A1|CSMD1|CYP11B1|DNAH14|DPY19L4|ERBB2|ERLIN2|FAM91A1|FLG|GATA3|GDF6|GPR137B|GRHL2|HMCN1|KCNU1|KIF26B|MIR2053|MYC|MYEOV|NLRP3|NOTCH2|OBSCN|OR2L2|OR2T2|OR2T34|OXR1|PIK3CA|PLD5|POU5F1B|PPFIA1|RAD54B|RN7SL563P|SHANK2|SLC26A7|SPTA1|STAR|TCHH|TFB2M|TG|TP53|TRIM67|TRPS1|TSNARE1|TTN|ZFPM2|ZNF496
96,63,ADCK5|ADCY8|AHCTF1|ANO1|ARID4B|ASH1L|ASH2L|CA14|CDH1|CNBD1|CPSF1|CSMD1|CSMD3|DNAH14|DPY19L4|ERBB2|ERLIN2|ESRP1|FAM135B|FAM84B|FER1L6|FLG|FLG2|FMN2|GATA3|GLI4|GRHL2|HMCN1|HSF1|KCNU1|LRP12|MIR3150B|MTBP|MTSS1|MYEOV|NOTCH2|NSMCE2|OR2L3|OR2T1|OXR1|PIK3CA|PLD5|PLEC|PLEKHA6|RAD54B|RIMS2|RN7SL350P|RYR2|SHANK2|SHARPIN|SLC26A7|SLC52A2|SNTB1|SPTA1|TAF2|TCHH|TP53|TRIM67|TRPS1|TTN|USH2A|VPS13B|ZNF623
97,68,ARC|ARID4B|ASH1L|CDC42BPA|CDH1|CEP170|CNBD1|CSMD1|CSMD3|DENND3|EFR3A|ENPP2|EPPK1|ERBB2|ERLIN2|FAM49B|FLG|FMN2|GATA3|GPR137B|GRHL2|HEATR1|HORMAD1|HSF1|INTS8|KCNQ3|KCNU1|KHDRBS3|KIAA1429|KIF26B|LINC00536|MYC|MYEOV|OBSCN|OR14A16|OR2AK2|OR2T3|OR2T34|ORAOV1|PCNXL2|PDE4DIP|PDP1|PIK3CA|PKHD1L1|PLD5|POP1|POU5F1B|PPFIA1|PVT1|RAD54B|RIMS2|RN7SL350P|RNF139|RYR2|SHANK2|SLC30A8|TACC1|TAF2|TCHH|TMEM74|TP53|TRIM67|TRPS1|TTN|UBR5|USH2A|ZFAT|ZFPM2
98,68,ADCK5|ADSS|ARC|AZIN1|BAG4|CA14|CASC8|CDC42BPA|CEP170|CNBD1|CSMD3|CYP11B1|DNAH14|EFR3A|EPPK1|ERBB2|FAM135B|FAM83A|FER1L6|FLG|GATA3|GOT1L1|IRF2BP2|KIAA0196|LYST|MAPK15|MIR30D|MYC|MYEOV|NDUFB9|NLRP3|NOTCH2|OBSCN|OC90|OR2AK2|OR2C3|OR2L3|OR2M5|OR2T34|ORAOV1|PHF20L1|PIK3CA|PLD5|PLEKHA6|PVT1|RAB11FIP1|RECQL4|RNA5SP276|RYR2|SCRIB|SHANK2|SLC52A2|SNTB1|TARBP1|TBC1D31|TCHH|TFB2M|TG|TMEM74|TP53|TRAPPC9|TRPS1|TTN|VPS13B|ZFPM2|ZNF251|ZNF670|ZP4
99,70,ADCK5|AHCTF1|ANO1|ATAD2|BAALC|CA14|CDH1|CNBD1|COL22A1|CSMD1|CSMD3|CYP11B1|CYP11B2|ENPP2|ERBB2|ERLIN2|FAM49B|FER1L6|FLG|GATA3|GDF6|GLI4|GPR137B|HMCN1|HSF1|IRF2BP2|KCNQ3|KCNU1|KMO|MAPK15|MATN2|MIR1208|MIR2053|NDUFB9|NOTCH2|OBSCN|OR2T2|OR2T3|OR2T33|OR2T34|ORAOV1|PCAT1|PDE4DIP|PIK3CA|PKHD1L1|PLD5|PPAPDC1B|PTK2|PVT1|RAB11FIP1|RAD54B|RIMS2|RN7SL350P|RYR2|SCCPDH|SETDB1|SHANK2|SLC52A2|SPTA1|TACC1|TARS2|TCHH|TG|TP53|TRAPPC9|TRIM67|TTN|USH2A|ZFAT|ZP4
100,49,AHCTF1|BCL9|CDC42BPA|CDH1|CEP170|CNBD1|COL22A1|CSMD1|CSMD3|DNAH14|EFR3A|ENPP2|EPPK1|EXO1|FAM135B|FER1L6|GATA3|HMCN1|INTS8|MTBP|MTSS1|NID1|NLRP3|NOTCH2|OR2AK2|OR2T1|OR2T2|OR2T3|OR2T34|ORAOV1|PDE4DIP|PIK3CA|PLD5|PVT1|RAD54B|RIMS2|RYR2|SHANK2|SPTA1|TARBP1|TBC1D31|TCHH|TG|TP53|TTN|VPS13B|ZFAT|ZNF670|ZP4
101,58,ADCK5|ADSS|AHCTF1|ATP6V1C1|BAALC|BCL9|CASC7|CDH1|CNBD1|COL22A1|CTTN|CYP11B1|DENND3|ERBB2|FLG|FLG2|GATA3|GLI4|HEATR1|HSF1|KIF26B|MIR599|NOTCH2|NOV|NUDCD1|OBSCN|OR2C3|OR2T1|OR2T2|OR2T3|ORAOV1|OXR1|PDE4DIP|PIK3CA|PKHD1L1|PLD5|PLEC|PLEKHA6|PLEKHF2|RAD54B|RIMS2|RN7SL350P|RUNX1T1|RYR2|SDCCAG8|SPTA1|TACC1|TARBP1|TMEM74|TP53|TRIM67|TRIQK|TSPYL5|ZFPM2|ZNF251|ZNF670|ZP4|snoU13|ENSG00000238372.1
102,71,ACTN2|ADSS|AKT3|BAALC|BAG4|CDH1|CNBD1|COL14A1|CSMD3|CYP11B1|CYP11B2|DNAH14|EIF3H|ERBB2|ERLIN2|ESRP1|EXO1|FLG|FMN2|GATA3|GDF6|GLI4|GPR137B|HHLA1|HMCN1|IRF2BP2|KCNS2|KCNU1|MAPK15|MYEOV|NOTCH2|OBSCN|OR14A16|OR14K1|OR2AK2|OR2B11|OR2C3|OR2L2|OR2T2|OR2T3|OR2T33|OR2T34|ORAOV1|PCNXL2|PDE4DIP|PIK3CA|PKHD1L1|PLD5|PLEC|PPAPDC1B|PPFIA1|PVT1|RAD54B|RIMS2|RN7SL350P|RNA5SP276|RUNX1T1|RYR2|SHANK2|SLC26A7|SPTA1|TARBP1|TBC1D31|TMEM74|TP53|TRPS1|USH2A|ZFAT|ZFPM2|ZNF250|ZNF670
103,77,ADCK5|ADCY8|ADSS|AHCTF1|ANO1|ARID4B|ARNT|BAG4|BAI1|CA14|CDH1|CEP170|COL14A1|CPSF1|CSMD1|CSMD3|DNAH14|DPY19L4|EFR3A|ERBB2|ERLIN2|EXO1|FER1L6|FMN2|GATA3|GEM|GPR137B|GRHL2|HMCN1|IRF2BP2|KCNQ3|KCNU1|KHDRBS3|KMO|MFSD3|MTSS1|MYEOV|NDUFAF6|NDUFB9|NOTCH2|OBSCN|OR14A16|OR2AK2|OR2C3|OR2M5|OR2T2|OR2T3|OR2T33|OR2T34|ORAOV1|OXR1|PIK3CA|PKHD1L1|PLEKHA6|PVT1|RAB11FIP1|RAD54B|RIMS2|RN7SL350P|RYR2|SLC26A7|SPTA1|TACC1|TAF2|TARBP1|TBC1D31|TCHH|TG|TMEM67|TMEM71|TP53|TRAPPC9|TRPS1|TTN|VPS13B|ZNF670|ZNF695
104,73,ADCK5|AHCTF1|ASAP1|ASH1L|ATAD2|BAALC|CA14|CCDC166|CDH1|CNBD1|COL14A1|CPQ|CSMD1|CSMD3|DCAF13|DNAH14|EPPK1|ERBB2|ESRP1|FER1L6|FLG|FMN2|GATA3|GDF6|GPR137B|GRHL2|GSDMC|HHLA1|HMCN1|IRF2BP2|KCNU1|KMO|LINC00536|MAL2|MIR548A3|MTBP|MTSS1|MYEOV|NOTCH2|OBSCN|OC90|OR2L13|OR2T2|ORAOV1|OXR1|PDE4DIP|PIK3CA|PLD5|PLEC|PLEKHA6|PLEKHF2|PVT1|RAD54B|RGS22|RIMS2|RYR2|SETDB1|SHANK2|TAF2|TARBP1|TBC1D31|TCHH|TG|TP53|TRIM67|TRIQK|TTN|USH2A|WISP1|ZFPM2|ZNF670|ZP4|snoU13|ENSG00000238372.1
105,70,ADCK5|AHCTF1|ARID4B|ASH1L|BAALC|BAG4|BAI1|CCDC166|CDH1|CSMD1|CSMD3|CTTN|CYP11B1|DENND3|DNAH14|EFR3A|ENPP2|ERBB2|FAM49B|FER1L6|FLG|GATA3|GPR137B|GRHL2|GSDMC|HMCN1|KCNQ3|KCNU1|KHDRBS3|LETM2|MROH5|MYEOV|NCALD|NOTCH2|OR14A16|OR2AK2|OR2C3|OR2T1|OR2T2|OXR1|PIK3CA|PKHD1L1|PLEC|PLEKHA6|PLEKHF2|PVT1|RIMS2|RNF139|RYR2|SDC2|SLC26A7|SPTA1|TAF2|TARBP1|TCHH|TG|TMEM71|TP53|TRIM67|TRIQK|TRPS1|TTN|UBR5|USH2A|WISP1|ZFPM2|ZNF251|ZNF670|ZP4|snoU13|ENSG00000238372.1
106,64,ACTN2|ADCK5|AHCTF1|ASAP1|ASH1L|BAI1|C8orf86|CA14|CDC42BPA|CDH1|CEP170|CPSF1|CSMD1|CSMD3|DENND3|EFR3A|ERLIN2|FAM49B|FER1L6|FLG|FMN2|GATA3|GLI4|HEATR1|HSF1|KCNQ3|KIAA1429|KIF26B|KMO|LINC00536|MIR1207|MIR599|MTSS1|MYEOV|NIPAL2|NOTCH2|OBSCN|OC90|OR14A16|OR14K1|OR2L2|OR2T2|OR2T33|OXR1|PIK3CA|PKHD1L1|PLD5|PPFIA1|RUNX1T1|SDC2|SLC52A2|TAF2|TARS2|TCHH|TP53|TP53INP1|TRAPPC9|TRPS1|TTN|UBR5|USH2A|ZNF250|ZNF496|ZP4
107,59,ADCK5|ADCY8|AZIN1|BAG4|BAI1|CCDC166|CDH17|COL14A1|COL22A1|CYP11B2|DENND3|DNAH14|EFR3A|ERLIN2|FAM135B|FGFR1|FLG|FLG2|GATA3|GDF6|GLI4|GPR137B|GRHL2|HHLA1|INTS8|IRF2BP2|KHDRBS3|LINC00536|LINC00861|LRRC24|LY6D|MTSS1|MYEOV|NECAB1|OBSCN|OR2AK2|OR2C3|OR2T2|OR2T3|OR2T34|ORAOV1|OXR1|PDE4DIP|PIK3CA|PKHD1L1|PLEKHA6|PLEKHF2|RAD54B|RYR2|SLC52A2|TBC1D31|TG|TP53|TRIM67|TTN|VPS13B|ZFPM2|ZHX1|ZNF496
108,63,AHCTF1|ANO1|ASH1L|BAG4|CCDC166|CDC42BPA|CDH1|CEP170|CNBD1|COL14A1|CPQ|CPSF1|CSMD1|CSMD3|DENND3|DNAH14|EMC2|ENPP2|ERBB2|ERLIN2|FAM135B|FER1L6|FLG|FMN2|GLI4|HMCN1|KCNU1|LINC00536|LYST|MATN2|MYEOV|NOTCH2|NSMCE2|OBSCN|OR2AK2|OR2C3|OR2L3|OR2T2|OR2T34|ORAOV1|PCNXL2|PDE4DIP|PIK3CA|PLD5|PLEC|PLEKHA6|PPAPDC1B|RAB11FIP1|RAD54B|SDCCAG8|SHANK2|SLC26A7|SPTA1|TARBP1|TCHH|TFB2M|TP53|TRAPPC9|TRIQK|TRPS1|TTN|USH2A|ZNF670
109,66,AHCTF1|ANGPT1|ANO1|ASAP1|CA14|CCND1|CDH1|COL14A1|COL22A1|CSMD1|CSMD3|CTTN|DENND3|DNAH14|DPY19L4|EFR3A|ENPP2|ERBB2|FAM49B|FLG|GATA3|GEM|GPR137B|GRHL2|HMCN1|HSF1|INTS8|KCNU1|LRP12|LYST|MIR30D|MTSS1|MYC|NDRG1|NOTCH2|OR14A16|OR2G2|OR2T1|OR2T2|OR2T27|ORAOV1|OXR1|PDE4DIP|PIK3CA|PLD5|PLEKHF2|RAB11FIP1|RAD54B|RIMS2|RN7SL350P|RNF139|RUNX1T1|RYR2|SHANK2|SLC30A8|TAF2|TARBP1|TARS2|TBC1D31|TCHH|TP53|TRAPPC9|TRIM67|TRPS1|TTN|ZP4
110,57,ABRA|ACTN2|ADCK5|ADSS|AHCTF1|BAALC|BCL9|CDC42BPA|CDH1|CSMD1|CSMD3|DENND3|DNAH14|EFR3A|ENPP2|ERBB2|EXO1|FAM91A1|FER1L6|FLG|FMN2|GATA3|GRHL2|HHLA1|KCNQ3|LINC00977|MTSS1|MYC|MYEOV|NOTCH2|NSMCE2|OR2AK2|OR2L13|OR2M7|OR2T1|OR2T2|OR2T3|OR2T34|PIK3CA|PLD5|PLEKHF2|PVT1|RAD54B|RECQL4|RYR2|SHANK2|SPTA1|TARBP1|TBC1D31|TCHH|TP53|TRIM67|TRPS1|UBR5|USH2A|ZFPM2|ZNF670
111,64,ADCY8|AHCTF1|ANXA13|ARID4B|BCL9|CA14|CDH1|COL14A1|CPSF1|CYP11B1|DENND3|DNAH14|ENPP2|ERLIN2|FAM135B|FAM49B|FER1L6|FLG|FMN2|GATA3|GPR137B|HMCN1|INTS8|MAPK15|MIR30D|MYC|MYEOV|NDUFB9|NLRP3|NOTCH2|OBSCN|OR2AK2|OR2C3|OR2L3|OR2T2|OR2T34|ORAOV1|PDE4DIP|PIK3CA|PLEC|PLEKHA6|PVT1|RAD54B|RIMS2|RYR2|SCRIB|SHANK2|SLC26A7|TARBP1|TATDN1|TBC1D31|TCHH|TG|TMEM71|TP53|TRAPPC9|TRIM67|TRPS1|TTN|UBR5|USH2A|VPS13B|ZNF670|ZP4
112,68,ADCK5|ADCY8|AHCTF1|ANO1|ATP6V1C1|BAI1|CA14|CDC42BPA|CDH1|CEP170|COA6|COL14A1|COL22A1|CSMD1|CSMD3|CYP11B1|CYP11B2|DDHD2|DENND3|DNAH14|EFR3A|EIF3H|ENPP2|ERBB2|FER1L6|GATA3|GLI4|GPR137B|HHLA1|HMCN1|HSF1|INTS8|KCNQ3|KCNU1|MAPK15|MYEOV|NDUFB9|NOTCH2|NSMCE2|OBSCN|OR14K1|OR2AK2|OR2C3|OR2T33|OR2T34|OSR2|OXR1|PIK3CA|PKHD1L1|PLEC|POU5F1B|PPFIA1|PVT1|RAB11FIP1|RIMS2|RN7SKP155|RN7SL350P|RYR2|SHANK2|TAF2|TP53|TTN|UBR5|VPS13B|ZFPM2|ZNF670|ZNF703|ZP4
113,73,ADCK5|ADCY8|AGO2|AKT3|ANO1|ANXA13|ASAP1|ATP6V1C1|BAI1|CDC42BPA|CDH1|CNBD1|COL14A1|CSMD3|CYP11B1|ENPP2|ERBB2|ERLIN2|FAM135B|FAM49B|FER1L6|FLG|FMN2|GATA3|GDF6|GSDMC|HORMAD1|KCNU1|KHDRBS3|KIAA1429|MIR1208|MYEOV|NDUFB9|NOTCH2|OBSCN|OR14K1|OR2C3|OR2T2|OR2T3|OR2T34|OXR1|PCNXL2|PDE4DIP|PDP1|PIK3CA|PKHD1L1|PLD5|PLEC|PLEKHA6|PPFIA1|RAD54B|RIMS2|RNA5SP276|RYR2|SLC26A7|SLC52A2|SNX31|SPTA1|TAF2|TBC1D31|TCHH|TFB2M|TG|TMEM75|TP53|TRIQK|TRPS1|TTN|WISP1|ZFAT|ZFPM2|ZNF670|ZP4
114,66,ADCY8|AHCTF1|ASH1L|ATP6V1C1|BAALC|BAG4|CCDC166|CDH1|CEP170|COL14A1|COL22A1|CSMD1|DENND3|DNAH14|EFR3A|EPPK1|ERLIN2|FER1L6|FLG2|FMN2|GATA3|GPR137B|HHLA1|INTS8|LINC00536|MED30|MYC|MYEOV|NOTCH2|OBSCN|OR2AK2|OR2C3|OR2L2|OR2L3|OR2M5|OR2T1|OR2T2|ORAOV1|OXR1|PDE4DIP|PHF20L1|PIK3CA|PLEC|PLEKHA6|PPFIA1|PTK2|PVT1|RUNX1T1|RYR2|SHANK2|SIPA1L2|SLC26A7|SPTA1|TCHH|TFB2M|TG|TMEM74|TP53|TRIM67|TRPS1|TTN|USH2A|ZFAT|ZFPM2|ZNF670|ZP4
115,61,ADSS|AHCTF1|ANGPT1|ARID4B|CDH1|COL14A1|CSMD3|DNAH14|ERBB2|ERLIN2|ESRP1|FGF19|FGFR1|FLG|FLG2|GATA3|GLI4|GPR137B|INTS8|IRF2BP2|LINC00536|LINC00977|MIR5194|MIR599|MYEOV|NLRP3|NSMCE2|OBSCN|OC90|OR13G1|OR2C3|OR2T1|OR2T12|OR2T3|OR2T33|OR2T34|OXR1|PDE4DIP|PIK3CA|PLEKHA6|POU5F1B|RAD54B|RIMS2|RN7SL350P|RUNX1T1|RYR2|SHANK2|SLC26A7|SNTB1|SNX31|SPTA1|TACC1|TARBP1|TBC1D31|TP53|TRAPPC9|TSPYL5|TTN|USH2A|VPS13B|ZNF703
116,69,ADCY8|AHCTF1|ANO1|BCL9|CDC42BPA|CDH1|CEP170|CNBD1|COL14A1|CSMD1|CSMD3|CTTN|DENND3|DNAH14|EFR3A|ERBB2|ERLIN2|EXO1|FER1L6|FLG|GATA3|GPR137B|HMCN1|HSF1|KCNU1|LRP12|MYC|MYEOV|NDUFB9|NOTCH2|OBSCN|OR14K1|OR2C3|OR2G2|OR2G6|OR2L13|OR2T1|OR2T2|OR2T3|OR2T34|OXR1|PCAT1|PIK3CA|PKHD1L1|PLD5|PLEKHA6|PVT1|RAD21|RGS7|RN7SL350P|RYR2|SETDB1|SHANK2|SLC26A7|SLC52A2|SPTA1|TACC1|TCHH|TG|TMEM74|TP53|TRIM67|TRPS1|TTN|UBR5|USH2A|WHSC1L1|ZNF670|ZP4
117,74,ADCK5|ANO1|ARC|ARHGAP39|BAG4|BAI1|CCDC166|CDH1|CNBD1|COL14A1|COL22A1|CSMD1|CSMD3|CYP11B1|ECM1|EPPK1|ERBB2|ERLIN2|EXO1|FGFR1|FLG|FMN2|GATA3|GDF6|GLI4|HMCN1|HSF1|INTS8|IRF2BP2|KCNQ3|KCNU1|KIAA1429|LINC00536|LY6D|MAPK15|MATN2|MIR2053|MIR30D|MYC|MYEOV|NCALD|NID1|NOTCH2|NOV|OBSCN|OR14K1|OR2C3|OR2T2|OR2T3|OR2T34|ORAOV1|PARP10|PDE4DIP|PDP1|PIK3CA|PLD5|PLEKHA6|PLEKHF2|PPFIA1|RECQL4|RIMS2|RN7SL350P|RYR2|SCRIB|SHANK2|SLC52A2|TACC1|TAF2|TCHH|TP53|TTN|ZFPM2|ZNF670|ZP4
118,47,AHCTF1|ARNT|CDC42BPA|CDH1|CNBD1|CSMD3|DNAH14|ERBB2|FAM135B|FAM49B|GATA3|GLI4|HEATR1|HMCN1|INTS8|IRF2BP2|KCNQ3|NLRP3|NOTCH2|OBSCN|OR14A16|OR2AK2|OR2C3|OR2L13|OR2L2|OR2T2|OR2T27|OR2T3|OR2T33|ORAOV1|OXR1|PDE4DIP|PIK3CA|PLEKHA6|POU5F1B|RAB11FIP1|RYR2|SPTA1|TAF2|TARBP1|TARS2|TCHH|TP53|TRIQK|TTN|UBR5|ZP4
119,63,ADCK5|ADCY8|AHCTF1|ANO1|ASH1L|ASH2L|BAG4|CDC42BPA|CDH1|COL14A1|CSMD1|DENND3|EFR3A|EIF3H|ENPP2|ERBB2|FER1L6|FLG|FMN2|GATA3|GPR137B|HMCN1|HSF1|KCNU1|LINC00536|LRP12|MATN2|MTSS1|MYC|MYEOV|NOTCH2|OR2L3|OR2T2|OR2T3|OR2T33|ORAOV1|OXR1|PCAT1|PDE4DIP|PIK3CA|PKHD1L1|PLD5|PLEKHA6|PVT1|RIMS2|RYR2|SDCCAG8|SHANK2|SLC26A7|SLC30A8|SLC52A2|SPTA1|TARBP1|TCHH|TP53|TRPS1|TTN|USH2A|VPS13B|ZFAT|ZNF623|ZNF670|ZNF695
120,57,ABRA|BAALC|CA14|CCDC166|CDH1|CNBD1|COL14A1|CSMD1|CSMD3|CTTN|CYP11B2|EFR3A|ERBB2|ERLIN2|EXT1|FAM135B|FAM49B|FLG2|GDF6|GLI4|HHLA1|KCNQ3|LAPTM4B|MYEOV|NDUFB9|NECAB1|NSMCE2|OR2M5|OXR1|PDP1|PIK3CA|PKHD1L1|PLEC|PLEKHF2|POU5F1B|PTK2|RAB11FIP1|RIMS2|RN7SKP153|RN7SL350P|RNF139|SHANK2|SLC52A2|SPTA1|SYBU|TARBP1|TBC1D31|TCHH|TG|TP53|TRIQK|TRPS1|TTN|USH2A|VPS13B|ZFPM2|ZNF251
121,65,ADCK5|AGO2|AHCTF1|ANO1|ARC|ARHGAP39|ATAD2|BAG4|CDC42BPA|CDH1|CNBD1|COL14A1|COL22A1|CSMD1|CSMD3|CTTN|CYP11B1|ENPP2|ERBB2|FAM135B|FAM49B|FGFR1|FLG|FLG2|GATA3|GLI4|GRHL2|HSF1|KCNU1|MYEOV|NOTCH2|OBSCN|OR2AK2|OR2L3|OR2T2|OR2T33|OR2T34|ORAOV1|OXR1|PCAT1|PDE4DIP|PIK3CA|PKHD1L1|PLD5|PLEC|PLEKHF2|POU5F1B|PVT1|RN7SKP226|RN7SL350P|RYR2|SHANK2|SLC26A7|SLC52A2|SPTA1|TARBP1|TCHH|TP53|TRIB1|TRPS1|TTN|UBR5|ZFAT|ZP4|snoU13|ENSG00000238656.1
122,46,ACTN2|AHCTF1|AKT3|ARC|BAALC|BAG4|CA14|CASC7|CDC42BPA|CDH1|CDH17|CEP170|CSMD1|CSMD3|DNAH14|FGF4|GATA3|HHLA1|HMCN1|KCNU1|MYEOV|NLRP3|NOTCH2|OBSCN|ODF1|OR2AK2|OR2T2|OR2T3|OR2T33|OR2T34|OXR1|PIK3CA|PLEKHA6|PPFIA1|RIMS2|RYR2|SIPA1L2|SYBU|TARBP1|TP53|TSNARE1|TTN|USH2A|ZNF496|ZNF670|ZP4
123,67,AHCTF1|ARID4B|ASH1L|BRF2|C8orf37|CDH1|COL14A1|COL22A1|CSMD1|CSMD3|CTTN|CYP11B1|CYP11B2|DENND3|DNAH14|DPY19L4|EFR3A|ENPP2|EPPK1|ERBB2|ERLIN2|EXT1|GATA3|GLI4|GRHL2|HMCN1|KCNQ3|KCNU1|LRP12|MAL2|MYC|MYEOV|NDRG1|NDUFB9|NOTCH2|OBSCN|OR2AK2|OR2T1|OR2T3|OR2T34|OXR1|PIK3CA|PKHD1L1|PPFIA1|RAD54B|RECQL4|RN7SL350P|RUNX1T1|RYR2|SHANK2|SLC26A7|SMYD3|SPTA1|STAR|TARBP1|TCHH|TMEM67|TMEM71|TP53|TRPS1|TTN|USH2A|VPS13B|ZFAT|ZNF670|ZNF695|ZP4
124,65,ABRA|AHCTF1|ANO1|ARHGAP39|ARID4B|ARNT|CA14|CDH1|CNBD1|CPQ|CSMD1|CSMD3|CYP11B1|CYP11B2|DENND3|DPYS|EFR3A|ENPP2|ERBB2|FAM135B|FER1L6|FLG2|GATA3|GLI4|HHLA1|INTS8|KHDRBS3|MIR2053|NDUFB9|NLRP3|NOTCH2|OR2G6|OR2L3|OR2T1|OR2T2|ORAOV1|OXR1|PARP10|PDE4DIP|PIK3CA|PLEKHA6|PLEKHF2|POP1|POU5F1B|PPFIA1|RAD54B|RIMS2|RN7SL350P|RNF19A|RUNX1T1|RYR2|SNX31|TACC1|TARBP1|TARS2|TBC1D31|TMEM74|TP53|TRAPPC9|TRIM67|TTN|UBR5|ZFPM2|ZNF670|ZP4
125,53,ADCK5|ADCY8|AHCTF1|ARNT|ASH2L|BAALC|BAG4|BAI1|CDC42BPA|CDH1|COL22A1|CSMD1|CSMD3|CYP11B1|DNAH14|FER1L6|FLG|GATA3|HHLA1|HSF1|IRF2BP2|KCNU1|LY6D|MYEOV|NDRG1|NDUFB9|OBSCN|OR2AK2|OR2C3|OR2T2|ORAOV1|OXR1|PCAT1|PIK3CA|PLEC|PPFIA1|PUF60|PVT1|RAB11FIP1|RECQL4|RYR2|SLC52A2|TAF2|TARBP1|TRAPPC9|TRIM67|TTN|USH2A|VPS13B|ZFAT|ZNF670|ZP4|snoU13|ENSG00000238372.1
126,70,ADSS|AKT3|ANO1|ARID4B|BAG4|CDC42BPA|CDH1|CEP170|COL14A1|CPSF1|CSMD1|CSMD3|CYP11B1|EFR3A|EIF3H|ERBB2|ERLIN2|GATA3|GDF6|GPR137B|HHLA1|HMCN1|IRF2BP2|KCNQ3|KCNS2|KHDRBS3|KMO|LINC00536|LY6D|MIR1208|MIR548AA1|MYC|MYEOV|NDUFB9|OR2AK2|OR2T2|OR2T3|OR2T34|PIK3CA|PLD5|PLEKHA6|PLEKHF2|PVT1|RAD54B|RECQL4|RGS7|RIMS2|RN7SKP226|RNF139|RUNX1T1|RYR2|SDCCAG8|SLC26A7|SNX31|SPTA1|TACC1|TBC1D31|TG|TMEM74|TP53|TRAPPC9|TRIM67|TRPS1|TSNARE1|TTN|UBR5|USH2A|WHSC1L1|ZFPM2|ZNF670
127,65,ABRA|ADCK5|ADSS|AHCTF1|AKT3|ANO1|ASH1L|ATAD2|BRF2|CA14|CEP170|COL14A1|COL22A1|CPQ|CSMD1|CSMD3|DENND3|DNAH14|DSCC1|ENPP2|ERBB2|FAM135B|FGFR1|FLG|GATA3|GDF6|GRHL2|HMCN1|HSF1|KCNQ3|LYST|MFSD3|MTBP|MYEOV|NDUFB9|NOTCH2|OBSCN|OR2AK2|OR2B11|OR2C3|OR2T2|OR2T3|PIK3CA|PKHD1L1|PLD5|PVT1|RIMS2|RN7SKP226|RNF19A|RUNX1T1|RYR2|SLC26A7|SLC39A4|SLC52A2|SNX31|SPTA1|SYBU|TARS2|TCHH|TFB2M|TP53|TTN|USH2A|ZFPM2|ZP4
128,77,ADAMTSL4|ADCK5|ADCY8|AHCTF1|AKT3|ASH1L|BAALC|BAG4|CDH1|COA6|CSMD1|CSMD3|DENND3|ECM1|ERBB2|ERLIN2|EXO1|FAM49B|FAM91A1|FGF4|FLG|FMN2|GATA3|GPR137B|HHLA1|HMCN1|HSF1|KCNQ3|LRP12|MIR2053|MIR30D|MROH5|MYEOV|NDUFB9|NECAB1|NOTCH2|OBSCN|OR13G1|OR2B11|OR2L3|OR2M5|OR2T1|OR2T2|OR2T34|ORAOV1|PCAT1|PDE4DIP|PIK3CA|PLD5|PLEKHA6|PLEKHF2|POU5F1B|PVT1|RIMS2|RUNX1T1|RYR2|SHANK2|SLC26A7|SLC52A2|SNX31|SPTA1|TARBP1|TCHH|TMEM71|TMEM74|TMEM75|TP53|TRAPPC9|TRIM67|TRIQK|TRPS1|TTN|UBR5|USH2A|ZFPM2|ZNF251|ZNF670
129,73,ADCK5|AHCTF1|ARC|ARHGAP39|ARID4B|ASH1L|BAALC|BAI1|CCDC166|CDC42BPA|CDH1|CNBD1|COL22A1|CSMD3|CYP11B1|DCAF13|DNAH14|EFR3A|ENPP2|ERBB2|ERLIN2|FAM49B|FER1L6|FGFR1|FMN2|GATA3|GLI4|GPR137B|GSDMC|HHLA1|HSF1|INTS8|IRF2BP2|KCNU1|KMO|LINC00536|LRRC6|MAPK15|MIR30D|MTSS1|NDUFB9|NOTCH2|NSMCE2|OR2AK2|OR2C3|OR2L3|OR2T2|OR2T33|ORAOV1|PCAT1|PDP1|PIK3CA|PLD5|PLEKHA6|PTK2|PVT1|RAD54B|RIMS2|RNF139|RUNX1T1|SYBU|TACC1|TAF2|TARBP1|TCHH|TP53|TRAPPC9|TRPS1|TTN|USH2A|ZFAT|ZFPM2|ZNF695
130,60,ACTN2|ADCK5|AHCTF1|ARC|ARHGAP39|ASH1L|ASH2L|BCL9|CDH1|CDH17|CNBD1|COL22A1|CSMD1|CSMD3|CYP11B1|DNAH14|DPY19L4|FAM135B|FAM49B|GATA3|GLI4|GPR137B|HHLA1|HMCN1|LRRC6|MYC|MYEOV|NDRG1|NOTCH2|OBSCN|OC90|OR2L3|OR2T2|OR2T3|OR2T5|OXR1|PIK3CA|PLEC|PLEKHA6|PLEKHF2|PPFIA1|RAD54B|RIMS2|RN7SKP155|RYR2|SLC52A2|TACC1|TARBP1|TBC1D31|TP53|TRAPPC9|TRIM67|TRPS1|TTN|USH2A|VPS13B|ZFPM2|ZNF623|ZNF670|ZP4
131,67,ADCY8|ANO1|ANXA13|ARID4B|ASAP1|ASH1L|ATAD2|CA14|CDH1|CDH17|COL22A1|CSMD1|CSMD3|CTTN|CYP11B1|DNAH14|EPPK1|ERBB2|FAM135B|FAM49B|FAM84B|FAM91A1|FGFR1|FLG|FMN2|GATA3|GLI4|GPR137B|GSDMC|KCNU1|LINC00536|MIR1208|MIR599|MROH5|MYEOV|NDUFB9|NOTCH2|NSMCE2|OBSCN|OR14K1|OR2AK2|OR2C3|OR2L3|OR2T2|ORAOV1|OXR1|PCAT1|PIK3CA|PKHD1L1|PLD5|PLEKHA6|RIMS2|SPTA1|STAR|TACC1|TBC1D31|TCHH|TG|TMEM75|TP53|TRIM67|TRPS1|TTN|ZFAT|ZFPM2|ZP4|snoU13|ENSG00000238372.1
132,65,ABRA|ADCK5|ADSS|AHCTF1|ANO1|ARID4B|ATAD2|BAI1|CDH1|CPQ|CSMD1|CYP11B1|DDHD2|DENND3|DPY19L4|EFR3A|ERBB2|ERLIN2|EXO1|FAM135B|FER1L6|FLG|GATA3|GRHL2|HHLA1|HMCN1|KCNU1|KHDRBS3|LETM2|LINC00536|MYC|MYEOV|NOTCH2|OBSCN|OC90|OR14I1|OR2T1|OR2T2|OR2T3|OR2T34|PDE4DIP|PIK3CA|PKHD1L1|PLD5|PLEC|PPAPDC1B|PVT1|RAD54B|RNF139|RYR2|SHANK2|SLC26A7|SLC52A2|SNX31|SPTA1|TCHH|TFB2M|TG|TP53|TRIM67|TRPS1|TTN|USH2A|ZFPM2|ZNF670
133,77,ABRA|ADCK5|AHCTF1|ANKRD46|ANXA13|ARC|ATAD2|BAALC|BAI1|CCDC166|CDC42BPA|CDH1|CDH17|CEP170|CSMD1|CSMD3|CYP11B2|DCSTAMP|DNAH14|EMC2|ENPP2|EPPK1|ERLIN2|ESRP1|FAM49B|FGF19|FLG|FMN2|GATA3|GDF6|GLI4|GRHL2|INTS8|KCNQ3|KCNU1|KHDRBS3|KMO|LINC00536|LY6D|MAL2|MIR1208|MTSS1|MYEOV|NAPRT1|NDUFB9|NLRP3|NOTCH2|OR2AK2|OR2B11|OR2T2|OR2T3|OR2T34|ORAOV1|PARP10|PDE4DIP|PIK3CA|PKHD1L1|PLD5|PLEC|PLEKHA6|PLEKHF2|RAD54B|RIMS2|RN7SL350P|SCRIB|SHANK2|SLC26A7|SPTA1|TACC1|TCHH|TG|TP53|TRAPPC9|TSPYL5|TTN|ZFAT|ZFPM2
134,58,ADCY8|AZIN1|BAG4|BAI1|CA14|CCDC166|CDH1|CNBD1|COL14A1|COL22A1|CPSF1|CSMD1|CYP11B1|DENND3|ERBB2|ERLIN2|FAM49B|FER1L6|FGFR1|FLG|GATA3|HHLA1|INTS8|KCNQ3|KCNU1|MIR1208|MIR30D|MYEOV|NDUFB9|NSMCE2|OBSCN|OR11L1|OR2M2|ORAOV1|PIK3CA|PKHD1L1|PLD5|PLEC|POU5F1B|PPFIA1|RAD54B|RIMS2|RUNX1T1|RYR2|SLC45A4|TARBP1|TBC1D31|TMEM71|TMEM75|TP53|TRAPPC9|TRIQK|TRPS1|TTN|USH2A|VPS13B|ZFPM2|ZNF695
135,78,ANO1|BAALC|BCL9|CA14|CCDC166|CDC42BPA|CDH1|CEP170|CNBD1|COL14A1|CSMD1|CSMD3|CTTN|CYP11B2|DENND3|DESI2|DNAH14|EFR3A|ENPP2|ERBB2|ERLIN2|ESRP1|EXO1|FAM135B|FGFR1|FMN2|GATA3|GLI4|GPR137B|HEATR1|HMCN1|IRF2BP2|KCNQ3|KCNU1|KCNV1|KIF26B|MIR30D|MTERFD1|MYC|MYEOV|NCALD|NDUFB9|NLRP3|OBSCN|OR2L13|OR2L3|OR2T2|OR2T3|OR2T34|OXR1|PHF20L1|PIK3CA|PLD5|PLEC|PLEKHA6|PPFIA1|PROSC|PVT1|RN7SL350P|RYR2|SLC52A2|SPTA1|TACC1|TAF2|TARBP1|TARS2|TFB2M|TP53|TP53INP1|TRIQK|TRPS1|TTN|UBR5|USH2A|WHSC1L1|ZFPM2|ZNF496|ZNF670
136,53,ANGPT1|ANO1|ASH1L|C8orf86|CDC42BPA|CDH1|CNBD1|CSMD1|CSMD3|CTHRC1|EIF3H|ERBB2|FAM135B|FER1L6|FLG2|FMN2|GATA3|HHLA1|HMCN1|KCNS2|LRP12|MED30|MYC|NCALD|NOTCH2|OR14K1|OR2AK2|OR2C3|OR2G6|OR2L3|OR2T1|OR2T2|OR2T3|OR2T34|OXR1|PIK3CA|PLEKHA6|RGS7|SPTA1|TARS2|TCHH|TFB2M|TG|TP53|TRAPPC9|TRIB1|TRPS1|TSNARE1|TTN|ZNF496|ZNF623|ZNF670|ZP4
137,67,ACTN2|ADSS|AHCTF1|AKT3|ARC|BAALC|BAG4|CDH1|CDH17|CEP170|COL14A1|CSMD1|CSMD3|DENND3|ECM1|EFR3A|ERBB2|FLG|FLG2|FMN2|GATA3|GDF6|GLI4|GPR137B|GRHL2|HEATR1|HMCN1|INTS8|IRF2BP2|LY6D|LYST|MTSS1|OBSCN|OR14A16|OR2AK2|OR2L2|OR2T2|OR2T3|OR2T33|ORAOV1|PCNXL2|PDE4DIP|PIK3CA|PKHD1L1|PLEKHF2|PPFIA1|RAB11FIP1|RAD54B|RIMS2|RN7SKP155|RN7SL350P|RUNX1T1|SDCCAG8|SIPA1L2|TARBP1|TCHH|TG|TP53|TRIM67|TRPS1|TTN|USH2A|VPS13B|ZFAT|ZNF670|ZNF703|ZP4
138,45,ABRA|ADCY8|ADSS|AHCTF1|ASH1L|BAG4|CDH1|CNBD1|COL22A1|CSMD1|EFR3A|ERBB2|FAM135B|FAM91A1|FER1L6|FLG|GATA3|GPR137B|KCNS2|LRP12|MIR30D|MIR4471|OR2T34|ORAOV1|PIK3CA|PLEKHA6|PLEKHF2|RAB11FIP1|RAD54B|RIMS2|RYR2|SDCCAG8|SHANK2|SLC52A2|SNX31|SPTA1|TP53|TRIM67|TTN|USH2A|WISP1|ZFPM2|ZNF250|ZNF695|ZNF703
139,72,ABRA|ANGPT1|BAALC|BAG4|BAI1|CA14|CDH1|CDH17|CEP170|COL14A1|CSMD1|CSMD3|DCAF13|DENND3|DESI2|DNAH14|ERLIN2|EXO1|FLG|GATA3|GDF6|GPR137B|HMCN1|KCNU1|MED30|MIR2053|MIR3150B|MYC|NOTCH2|OBSCN|OC90|OR14A16|OR2C3|OR2M2|OR2T3|OR2T34|ORAOV1|OXR1|PCNXL2|PDE4DIP|PHF20L1|PIK3CA|PKHD1L1|PLD5|PLEC|PLEKHF2|POP1|RAB11FIP1|RAD54B|RN7SL350P|RUNX1T1|RYR2|SHANK2|SLC30A8|SNX31|TACC1|TARBP1|TCHH|TFB2M|TG|TMEM74|TP53|TRIM67|TRIQK|TRPS1|TTN|USH2A|VPS13B|ZFPM2|ZHX1|ZNF670|ZP4
140,68,ADAMTSL4|ADCY8|AHCTF1|ARHGAP39|BAG4|BAI1|C8orf86|CASC8|CDH1|CEP170|CNBD1|COL14A1|CPSF1|CSMD3|EFR3A|EPPK1|FAM91A1|FGF19|FLG|FMN2|GATA3|GOT1L1|GPR137B|GSDMC|HHLA1|KCNQ3|KCNU1|LINC00536|MIR2053|MTBP|MYC|MYEOV|NDUFB9|NIPAL2|OBSCN|OR2AK2|OR2T1|OR2T2|OR2T3|OR2T33|OR2T34|PCNXL2|PDE4DIP|PIK3CA|PKHD1L1|PLD5|PLEC|PLEKHF2|PVT1|RAD54B|RIMS2|RN7SL350P|RUNX1T1|RYR2|SLC26A7|SPTA1|TCHH|TP53|TRIM67|TRPS1|TSPYL5|TTN|UBR5|USH2A|ZFPM2|ZNF670|ZNF695|ZP4
141,60,ABRA|AHCTF1|ANO1|ARID4B|ASH1L|ATP6V1C1|BAALC|BCL9|CDC42BPA|CDH1|CEP170|COL14A1|COL22A1|CSMD1|CSMD3|DNAH14|ERLIN2|GATA3|GDF6|GPR124|GPR137B|HMCN1|HSF1|INTS8|KCNQ3|KCNU1|KIAA1429|MIR1208|MTSS1|MYC|MYEOV|NDUFB9|NOTCH2|OR14A16|OR2C3|OR2T2|OR2T3|OR2T33|OR2T34|OXR1|PCNXL2|PIK3CA|PVT1|RAD54B|RGS7|RIMS2|RN7SL350P|RYR2|TACC1|TFB2M|TG|TP53|TRIM67|TRPS1|TSPYL5|TTN|UBR5|USH2A|VPS13B|ZFPM2
142,67,ACTN2|ADCK5|ADCY8|AHCTF1|BAG4|BAI1|CDC42BPA|CDH1|CEP170|CNBD1|COL14A1|CSMD1|CSMD3|EFR3A|ENPP2|ERLIN2|FAM135B|FAM91A1|FER1L6|FGF4|FLG|GATA3|GPR137B|HMCN1|HSF1|IRF2BP2|MATN2|MTBP|MYC|MYEOV|NDUFB9|NLRP3|NOTCH2|OBSCN|OR2AK2|OR2C3|OR2L2|OR2L3|OR2T1|OR2T2|OR2T3|OR2T33|PDE4DIP|PHF20L1|PIK3CA|PKHD1L1|PLD5|PLEC|PLEKHA6|PPFIA1|PROSC|PVT1|RUNX1T1|RYR2|SLC26A7|SLC45A4|SLC52A2|TCHH|TMEM74|TP53|TRIQK|TRPS1|TTN|USH2A|VPS13B|ZFPM2|ZP4
143,63,ADCK5|ADSS|AHCTF1|ANO1|ARID4B|ATP6V1C1|CDH1|CDH17|CNBD1|COL14A1|CTTN|DENND3|DERL1|DNAH14|EFR3A|EPPK1|ERBB2|ERLIN2|FAM84B|FLG2|FMN2|GATA3|GDF6|GLI4|HHLA1|HMCN1|INTS8|KCNQ3|MIR2053|MYC|MYEOV|NCALD|NDUFB9|NOTCH2|OR13G1|OR14K1|OR2T1|OR2T2|OR2T34|OXR1|PDE4DIP|PIK3CA|PKHD1L1|PLEKHA6|PPFIA1|PVT1|RAB11FIP1|RAD54B|RIMS2|SDC2|SLC26A7|SNX31|SPTA1|TACC1|TARBP1|TCHH|TMEM74|TMEM75|TP53|TRIM67|TTN|USH2A|ZFPM2
144,63,ACTN2|ADSS|AHCTF1|ARC|ASAP1|ASH1L|BAALC|CDC42BPA|CDH1|CSMD3|CYP11B2|DNAH14|EFR3A|ENPP2|ERBB2|ERLIN2|EXO1|FER1L6|FLG|FMN2|GATA3|IRF2BP2|KCNQ3|KCNU1|KHDRBS3|KMO|MTSS1|MYC|MYEOV|NOTCH2|OBSCN|OR14A16|OR14K1|OR2T2|OR2T3|OR2T33|OR2T34|OXR1|PCAT1|PCNXL2|PIK3CA|PKHD1L1|PLD5|PLEKHA6|PPFIA1|PVT1|RAB11FIP1|RAD54B|RYR2|SHANK2|SLC30A8|SMYD3|SPTA1|TARBP1|TARS2|TCHH|TFB2M|TP53|TRPS1|TTN|ZFPM2|ZNF670|ZP4
145,67,ACTN2|ADCY8|ANO1|BAALC|BAG4|CA14|CDH1|CNBD1|COL14A1|CSMD1|CSMD3|CYP11B2|DENND3|DNAH14|EFR3A|EIF3H|ENPP2|ERBB2|ERLIN2|ESRP1|FAM135B|FER1L6|FLG|FLG2|GATA3|GDF6|HAS2|HHLA1|HMCN1|HSF1|INTS8|KCNU1|LINC00536|LINC00861|MYEOV|NIPAL2|NOTCH2|OBSCN|OR2AK2|OR2T2|OR2T3|ORAOV1|OXR1|PCNXL2|PDP1|PIK3CA|PKHD1L1|PLEKHA6|PPAPDC1B|RAB11FIP1|RYR2|SDC2|SHANK2|SLC26A7|SPTA1|TARBP1|TBC1D31|TCHH|TMEM74|TP53|TRPS1|TTN|USH2A|WHSC1L1|ZFPM2|ZNF670|ZP4
146,62,AHCTF1|AKT3|ANKRD46|ARC|ARNT|ATP6V1C1|BAG4|BCL9|CASC8|CDC42BPA|CDH1|COL14A1|CSMD1|CSMD3|CYP11B1|DCAF13|DNAH14|EFR3A|EPPK1|ERBB2|ERLIN2|FAM135B|FAM49B|FLG|GATA3|HMCN1|KCNU1|LINC00536|LYST|MTSS1|MYC|MYEOV|NID1|NOV|OBSCN|OR13G1|OR2AK2|OR2T2|OR2T3|ORAOV1|OXR1|PCAT1|PIK3CA|PLD5|PLEC|PVT1|RIMS2|RYR2|SHANK2|SLC26A7|SNX31|SYBU|TACC1|TAF2|TCHH|TP53|TRIM67|TTN|USH2A|VPS13B|ZFAT|ZFPM2
147,64,AHCTF1|ANO1|BAALC|CCDC166|CDH1|CSMD3|DNAH14|ENPP2|ERLIN2|FLG|FMN2|GATA3|GSDMC|HHLA1|HMCN1|HORMAD1|INTS8|IRF2BP2|KCNQ3|KCNU1|MATN2|MIR1208|MYC|MYEOV|NDUFB9|NID1|NOTCH2|OR2AK2|OR2G3|OR2L3|OR2T1|OR2T2|OR2T3|OR2T34|ORAOV1|OXR1|PCAT1|PDE4DIP|PIK3CA|PKHD1L1|PLD5|PLEKHA6|PPFIA1|PROSC|PVT1|RAB11FIP1|RAD21|RAD54B|RIMS2|RUNX1T1|SHANK2|SPTA1|TCHH|TMEM71|TMEM74|TP53|TRIM67|TTN|UBR5|USH2A|VPS13B|ZNF251|ZNF670|ZP4
148,43,ADSS|AHCTF1|ARID4B|ASH1L|CA14|CDH1|CSMD1|DERL1|DPY19L4|ERLIN2|EXO1|FLG|FLG2|GATA3|GPR137B|HEATR1|HMCN1|IRF2BP2|KCNU1|MIR1208|MYC|MYEOV|NECAB1|OBSCN|OR2L3|OR2T1|ORAOV1|PIK3CA|PKHD1L1|PLEKHA6|RIMS2|SHANK2|SIPA1L2|SLC26A7|SPTA1|TACC1|TARBP1|TCHH|TG|TP53|TRIM67|TRPS1|TTN
149,65,ADCK5|ADSS|AHCTF1|ANGPT1|ANO1|ARC|ATAD2|BAALC|CDC42BPA|CDH1|CNBD1|COL14A1|COL22A1|CPQ|CSMD1|CSMD3|CYP11B1|CYP11B2|DENND3|DNAH14|EFR3A|ENPP2|ERLIN2|FAM135B|FER1L6|FGFR1|FLG|GPR137B|HMCN1|HSF1|INTS8|LY6D|NDUFB9|NOTCH2|OPLAH|OR2C3|OR2L3|OR2T2|OR2T27|OR2T33|ORAOV1|PDE4DIP|PIK3CA|PVT1|RAD54B|RECQL4|RIMS2|RNA5SP276|RNF139|RUNX1T1|RYR2|SHANK2|SLC26A7|TACC1|TARBP1|TBC1D31|TCHH|TG|TMEM74|TP53|TTN|ZFAT|ZHX1|ZNF703|ZP4
150,72,ABRA|ACTN2|ADCY8|AHCTF1|ARC|ARHGAP39|BAG4|BAI1|CA14|CASC7|CDH1|COL22A1|CSMD3|DENND3|DNAH14|DPY19L4|EIF3H|ERBB2|ERLIN2|FAM91A1|FER1L6|FGF19|FLG|GATA3|GDF6|GRHL2|GSDMC|HHLA1|HMCN1|LY6D|MIR1208|MTBP|MYEOV|NDUFB9|NECAB1|NOTCH2|OR2AK2|OR2C3|OR2L3|OR2T2|OR2T3|OR2T34|ORAOV1|PIK3CA|PLEC|PLEKHA6|PLEKHF2|POU5F1B|PPAPDC1B|PVT1|RAB11FIP1|RAD21|RIMS2|RNA5SP276|RYR2|SAMD12|SHANK2|SLC26A7|SYBU|TCHH|TG|TMEM71|TMEM74|TP53|TRPS1|TTN|USH2A|WHSC1L1|ZFAT|ZFPM2|ZNF670|ZP4
151,57,ADCK5|ADCY8|AHCTF1|ANO1|ASAP1|BAG4|BAI1|CASC7|CCDC166|CDC42BPA|CDH1|CNBD1|COL14A1|COL22A1|CSMD1|CSMD3|CYP11B1|DENND3|ENPP2|FER1L6|FLG|FLG2|GATA3|HHLA1|HMCN1|HORMAD1|HSF1|KCNQ3|KCNU1|MIR2053|MTSS1|MYEOV|NDUFB9|NOTCH2|OPLAH|OR2AK2|OR2L3|OR2T33|ORAOV1|PIK3CA|PKHD1L1|PLD5|PLEKHA6|RIMS2|RYR2|SHANK2|SLC39A4|SPTA1|TARBP1|TCHH|TG|TMEM75|TP53|TRPS1|TTN|WHSC1L1|ZNF34
152,49,AGO2|ANO1|ARID4B|ASH1L|BAG4|CCDC166|CDH1|COL22A1|CSMD1|CSMD3|CYP11B2|DNAH14|DSCC1|EFR3A|ERBB2|ESRP1|FAM135B|FAM91A1|FLG2|GATA3|GPR124|GSDMC|HHLA1|HMCN1|LINC00536|LYST|MIR2053|MTBP|MYEOV|NOTCH2|OR14A16|OR2L3|OR2T2|PDE4DIP|PIK3CA|POU5F1B|PTK2|RGS22|RIMS2|RN7SL350P|RUNX1T1|RYR2|SHANK2|SPTA1|TCHH|TP53|TRAPPC9|TTN|WISP1
153,73,ACTN2|ADCK5|ADCY8|ADSS|AHCTF1|AKT3|ARID4B|ASH1L|CA14|CDH1|CSMD1|CSMD3|DCSTAMP|DNAH14|ECM1|EFR3A|EXO1|FER1L6|FGF19|FLG|GATA3|GOT1L1|GRHL2|HMCN1|INTS8|KCNQ3|KCNU1|KHDRBS3|KIF26B|LINC00536|LYST|MAL2|MAPK15|MYC|NDUFB9|NID1|NLRP3|NOTCH2|OBSCN|OR14K1|OR2AK2|OR2G2|OR2L3|OR2T1|OR2T2|OR2T27|ORAOV1|PCNXL2|PDE4DIP|PIK3CA|PKHD1L1|PLEC|PLEKHA6|PPFIA1|RIMS2|RN7SL350P|RYR2|SIPA1L2|SLC26A7|SPTA1|TARBP1|TCHH|TFB2M|TG|TMEM74|TP53|TRIM67|TTN|UBR5|USH2A|ZFAT|ZFPM2|ZNF670
154,16,ARID4B|BAG4|CDH1|DPY19L4|FMN2|GATA3|INTS8|KCNU1|ORAOV1|OXR1|PIK3CA|RIMS2|RUNX1T1|TP53|TRPS1|ZFPM2
155,59,ACTN2|ADCY8|AHCTF1|ANGPT1|ANO1|ATAD2|BAALC|BAG4|BAI1|CCAT1|CDH1|CNBD1|CSMD1|CSMD3|CYP11B2|DENND3|DPY19L4|EFR3A|EIF3H|ERBB2|ERLIN2|FLG|GATA3|GLI4|GRHL2|HSF1|KCNQ3|KCNU1|LYST|MYC|MYEOV|NOTCH2|NSMCE2|OR2L3|OR2M2|OR2T2|OXR1|PIK3CA|PKHD1L1|PLD5|PLEKHA6|PPFIA1|RAD54B|RN7SL350P|RYR2|SLC26A7|SLC45A4|TARS2|TBC1D31|TP53|TP53INP1|TRAPPC9|TTN|ZFAT|ZFPM2|ZNF251|ZNF623|ZNF670|ZP4
156,58,ADCK5|ADSS|AHCTF1|ARC|BAG4|COL14A1|COL22A1|CPSF1|CSMD1|CSMD3|DPY19L4|EFR3A|ENPP2|ERLIN2|FAM135B|GATA3|GPR137B|GRHL2|HHLA1|HSF1|INTS8|KCNQ3|KCNU1|KCNV1|KHDRBS3|MAPK15|MYEOV|NDUFB9|NLRP3|NOTCH2|OR2C3|OR2T2|OR2T3|ORAOV1|OXR1|PIK3CA|PLD5|PLEKHA6|PPFIA1|PVT1|RAD21|RGS7|RIMS2|RN7SL350P|RNF139|SLC26A7|TAF2|TBC1D31|TMEM65|TMEM75|TP53|TRAPPC9|TRIM67|TRPS1|TTN|UBR5|ZFPM2|ZNF670
157,66,ABRA|ADSS|AHCTF1|ANO1|ASH1L|ATAD2|CA14|CDH1|COL14A1|CPSF1|CTTN|ECM1|EIF3H|ENPP2|ERBB2|ERLIN2|FAM135B|FER1L6|FMN2|GATA3|GRHL2|HHLA1|HSF1|IRF2BP2|KCNK9|KCNS2|KIF26B|MTSS1|MYC|MYEOV|NOTCH2|OBSCN|OR14A16|OR2C3|OR2G6|OR2L13|OR2L3|OR2T2|OR2T3|OR2T33|ORAOV1|PCNXL2|PIK3CA|PLEKHA6|PLEKHF2|PVT1|RAD54B|RIMS2|SETDB1|SNX31|SPTA1|TACC1|TAF2|TCHH|TFB2M|TG|TMEM67|TP53|TRIM67|TRPS1|TTN|UBR5|USH2A|ZFAT|ZNF496|ZNF703
158,69,ADSS|ATAD2|BAALC|BAG4|BAI1|BCL9|CDH1|COL14A1|CSMD1|CSMD3|DCSTAMP|DENND3|DNAH14|ECM1|ENPP2|ERBB2|ERLIN2|ESRP1|EXO1|FLG|FMN2|GATA3|GDF6|GLI4|GSDMC|HMCN1|INTS8|IRF2BP2|KCNQ3|KMO|LINC00536|LYST|MYEOV|NDUFB9|NLRP3|NOTCH2|OR2AK2|OR2C3|OR2L13|OR2T2|OR2T3|OR2T34|ORAOV1|OXR1|PCNXL2|PDE4DIP|PDP1|PIK3CA|PKHD1L1|PLD5|PVT1|RAB11FIP1|RAD54B|RIMS2|RYR2|SDCCAG8|SLC52A2|SPTA1|TAF2|TCHH|TG|TMEM74|TP53|TRPS1|TTN|USH2A|ZFPM2|ZNF623|ZNF670
159,61,ADSS|ANGPT1|ANO1|CDC42BPA|CDH1|COL14A1|CSMD1|CSMD3|CYP11B1|CYP11B2|DNAH14|EIF3H|ENPP2|ERLIN2|FER1L6|FGF4|FGFR1|GATA3|GLI4|HSF1|IRF2BP2|KCNK9|KCNQ3|KIAA0196|KIF26B|MED30|MTSS1|MYEOV|NECAB1|NID1|NOTCH2|OR14A16|OR2AK2|OR2G2|OR2G6|OR2L3|OR2T3|OR2T33|OR2T34|OXR1|PIK3CA|PKHD1L1|PLD5|PLEKHA6|PPFIA1|RAD54B|RGS7|RN7SL350P|RYR2|SPTA1|TARS2|TFB2M|TMEM74|TP53|TSNARE1|TTN|UBR5|USH2A|ZFAT|ZNF670|ZP4
160,65,ADCK5|AHCTF1|AKT3|ANO1|ATAD2|BAALC|C1orf101|CDH1|CNBD1|CSMD3|DENND3|DNAH14|ENPP2|EPPK1|ERBB2|ERLIN2|FER1L6|FLG|FMN2|GATA3|GLI4|GRHL2|HMCN1|LYST|MTBP|MYEOV|NDUFB9|NOTCH2|OBSCN|OPLAH|OR14A16|OR2AK2|OR2G2|OR2G6|OR2T1|OR2T2|OR2T34|PDE4DIP|PIK3CA|PKHD1L1|PLD5|PLEC|PPFIA1|PVT1|RAD54B|RN7SKP226|RN7SL350P|RN7SL563P|RNF139|RUNX1T1|RYR2|SDCCAG8|SHANK2|SIPA1L2|SPTA1|TACC1|TCHH|TG|TP53|TRIM67|TRPS1|TTN|USH2A|VPS13B|ZNF703
161,68,ABRA|ADCK5|ANO1|ARC|AZIN1|BAI1|BCL9|CDC42BPA|CDH1|COL14A1|CSMD1|CYP11B1|DCAF13|DENND3|DNAH14|EFR3A|EPPK1|ERLIN2|FLG|GATA3|GOT1L1|GPR137B|GPR20|GRHL2|HSF1|KCNU1|KHDRBS3|LINC00536|LY6D|MIR30D|MYC|MYEOV|NDUFB9|NOTCH2|OBSCN|OR14A16|OR14K1|OR2AK2|OR2L3|OR2T1|OR2T2|OR2T3|OR2T34|ORAOV1|PIK3CA|PLD5|PLEKHA6|PLEKHF2|PPFIA1|PVT1|RNF139|SIPA1L2|SLC30A8|SPTA1|TARBP1|TCHH|TG|TP53|TRAPPC9|TRIM67|TRPS1|TTN|USH2A|VPS13B|ZFPM2|ZNF670|ZP4|snoU13|ENSG00000238372.1
162,68,ADCK5|ARC|ARID4B|ASH1L|AZIN1|BAALC|BAG4|BAI1|BCL9|CA14|CDC42BPA|CDH1|CDH17|CNBD1|COL22A1|CSMD1|CYP11B1|DNAH14|ENPP2|ERBB2|FAM135B|FAM49B|FGFR1|FLG|FLG2|FMN2|GATA3|GDF6|GRHL2|HMCN1|INTS8|IRF2BP2|KCNU1|LINC00536|MIR548AA1|NDUFB9|NOTCH2|OR13G1|OR2AK2|OR2C3|OR2L13|OR2L8|OR2T1|OR2T2|OR2T27|OR2T3|OR2T34|ORAOV1|PIK3CA|PKHD1L1|PLEKHA6|RAD54B|RIMS2|RN7SL350P|RNF139|SLC26A7|SLC52A2|TBC1D31|TFB2M|TMEM74|TP53|TRIM67|TRPS1|WHSC1L1|ZFAT|ZFPM2|ZHX1|ZP4
163,66,ADCK5|ADCY8|ADSS|ANO1|ARID4B|BCL9|CCAT1|CCND1|CDC42BPA|CDH1|COL14A1|CSMD1|CYP11B2|DNAH14|EFR3A|ENPP2|ERLIN2|FER1L6|FLG|GATA3|GPR137B|HMCN1|IRF2BP2|KCNQ3|KCNU1|MYEOV|NDUFB9|NECAB1|NLRP3|NOTCH2|OBSCN|OR14K1|OR2AK2|OR2T3|OR2T34|OXR1|PCAT1|PDE4DIP|PIK3CA|PKHD1L1|PLD5|PLEC|PLEKHA6|PVT1|RAB11FIP1|RAD54B|RIMS2|RN7SL350P|RYR2|SETDB1|SHANK2|SLC26A7|TACC1|TCHH|TFB2M|TMEM74|TP53|TRIM67|TRPS1|TTN|USH2A|WHSC1L1|ZFPM2|ZNF670|ZNF695|ZP4
164,78,ADCK5|ADCY8|ANO1|ATP6V1C1|BAALC|BCL9|CCDC166|CCND1|CDH1|CEP170|CSMD1|CSMD3|CYP11B1|DCAF13|DENND3|DNAH14|ENPP2|EPPK1|ERBB2|ERLIN2|EXO1|FAM135B|FLG|FLG2|GATA3|GPR20|GRHL2|HHLA1|HMCN1|HSF1|INTS8|IRF2BP2|KCNQ3|KHDRBS3|LINC00536|LRRC6|MYEOV|NDUFB9|NLRP3|NOTCH2|OBSCN|OR14K1|OR2AK2|OR2C3|OR2T2|OR2T3|OR2T34|ORAOV1|OXR1|PCNXL2|PIK3CA|PKHD1L1|PLD5|PLEC|PLEKHA6|PLEKHF2|PVT1|RAD54B|RIMS2|RYR2|SCRIB|SHANK2|SLC26A7|SNX31|SPTA1|TACC1|TCHH|TMEM75|TP53|TRAPPC9|TRHR|TRIM67|TRPS1|TTN|UBR5|WISP1|ZFPM2|ZP4
165,68,ADSS|AHCTF1|ATAD2|BAG4|BAI1|CDC42BPA|CNBD1|COL14A1|COL22A1|CSMD1|CSMD3|DNAH14|EFR3A|ERBB2|FAM135B|FGF19|FGFR1|FLG|GATA3|HHLA1|HMCN1|HSF1|IRF2BP2|KCNQ3|KCNU1|LINC00536|LSM1|MIR1208|MIR30D|MIR599|MTBP|MTSS1|MYEOV|NDUFB9|NOTCH2|OBSCN|OR2AK2|OR2T1|OR2T2|OR2T3|OR2T34|OR2W3|ORAOV1|PDE4DIP|PIK3CA|PLEC|RAD54B|RECQL4|RIMS2|RN7SL350P|SCCPDH|SCRIB|SLC52A2|TARBP1|TCHH|TG|TMEM74|TP53|TRIM67|TRPS1|TTN|WHSC1L1|YWHAZ|ZFAT|ZFPM2|ZNF670|ZP4|snoU13|ENSG00000238533.1
166,67,ABRA|AHCTF1|ANGPT1|ANO1|ARHGAP39|ASH1L|ATAD2|BAALC|BAI1|CA14|CCDC166|CDH1|COL22A1|CPSF1|CTTN|CYP11B2|ERBB2|ERLIN2|FAM135B|FGF19|FGF4|FLG|FLG2|GDF6|GOT1L1|GPR137B|HHLA1|HMCN1|HSF1|KCNU1|LETM2|MIR30D|MTDH|MYC|MYEOV|OBSCN|OR2AK2|OR2C3|OR2L13|OR2L2|OR2T1|OR2T2|OR2T3|OR2T34|ORAOV1|PIK3CA|PLD5|PLEKHA6|PROSC|PVT1|RIMS2|RNF139|RYR2|SCRIB|SDCCAG8|SLC52A2|SNX31|SPTA1|TACC1|TCHH|TFB2M|TG|TP53|TRAPPC9|TRIM67|TTN|ZFPM2
167,64,ADCY8|ANGPT1|ANO1|ARNT|ASH1L|BAALC|BAG4|BAI1|CCDC166|CDC42BPA|CDH1|CSMD1|CSMD3|DNAH14|EPPK1|ERBB2|ERLIN2|FER1L6|FLG|FLG2|GATA3|GDF6|HHLA1|HMCN1|HORMAD1|HSF1|INTS8|KCNQ3|KCNU1|LINC00536|LYST|MAPK15|MIR599|MYC|MYEOV|NOTCH2|OBSCN|OPLAH|OR2C3|OR2T2|OR2T33|ORAOV1|PDE4DIP|PIK3CA|PLD5|RAD21|RAD54B|RIMS2|RUNX1T1|RYR2|SHANK2|SNX31|TARBP1|TCHH|TG|TMEM74|TMEM75|TP53|TRAPPC9|TRPS1|TTN|WHSC1L1|ZFPM2|ZP4
168,64,ADCY8|ADSS|AHCTF1|AKT3|ANO1|ATP6V1C1|BAALC|CDC42BPA|CDH1|CEP170|CSMD1|DENND3|DNAH14|ECM1|ENPP2|ERLIN2|FAM83A|GATA3|GLI4|GPR137B|HHLA1|HMCN1|MATN2|MED30|MIR30D|MIR3150B|MIR548AA1|MYEOV|NDUFB9|NOTCH2|OBSCN|OR14A16|OR2C3|OR2L3|OR2T3|ORAOV1|OXR1|PIK3CA|PKHD1L1|PLD5|PLEKHA6|POU5F1B|PPFIA1|RAD21|RIMS2|RN7SL350P|RNF139|RYR2|SDCCAG8|SETDB1|SHANK2|SLC52A2|SNTB1|SPTA1|TACC1|TARBP1|TP53|TTN|UBR5|USH2A|VPS13B|ZFAT|ZNF670|ZP4
169,58,ADCK5|ANO1|ARID4B|ARNT|ATAD2|BAALC|BAI1|BCL9|CDH1|CSMD1|CSMD3|CYP11B1|CYP11B2|DENND3|EIF3H|ERBB2|ERLIN2|ESRP1|FAM135B|FER1L6|FGFR1|GATA3|GPR124|INTS8|KCNQ3|KCNU1|LRRC6|MYEOV|NDUFB9|NLRP3|NOTCH2|OR2B11|OR2L2|OR2T1|OR2T2|PIK3CA|PKHD1L1|PLD5|POU5F1B|PPFIA1|RN7SL350P|RYR2|SDC2|SLC26A7|SYBU|TARS2|TCHH|TFB2M|TG|TP53|TTN|USH2A|VPS13B|ZFAT|ZFPM2|ZHX1|ZNF251|ZNF623
170,65,ADCK5|ANO1|BAG4|BAI1|CA14|CASC7|CDH1|COL22A1|CSMD1|CSMD3|CYP11B1|DENND3|ENPP2|EPPK1|FAM135B|FER1L6|FLG|GATA3|GDF6|GRHL2|GSDMC|HEATR1|HSF1|INTS8|KCNQ3|KCNU1|KIAA1429|LINC00536|LY6D|MROH5|MYEOV|NDUFB9|NSMCE2|OR2T2|ORAOV1|OXR1|PHF20L1|PIK3CA|PLEKHA6|PLEKHF2|PPFIA1|PTK2|RIMS2|RN7SL350P|RNF139|RUNX1T1|SCRIB|SHANK2|SLC26A7|SNORA12|ENSG00000212342.1|SPTA1|STAR|TAF2|TARS2|TBC1D31|TCHH|TG|TMEM74|TP53|TRIB1|TRIQK|TRPS1|TTN|WHSC1L1|ZFPM2
171,62,ADCK5|ADCY8|ADSS|AHCTF1|ANO1|ARHGAP39|ASAP1|ASH1L|BAALC|BAG4|BCL9|CDH1|CDH17|COL22A1|CSMD3|DENND3|DPY19L4|EFR3A|ERBB2|ERLIN2|FAM135B|FAM91A1|FER1L6|FLG|FMN2|GATA3|HHLA1|HMCN1|IRF2BP2|KCNQ3|LINC00536|MIR30D|MYEOV|NOTCH2|OBSCN|OC90|OR2T1|OR2T2|OR2T3|OR2T8|OXR1|PCNXL2|PDE4DIP|PIK3CA|PKHD1L1|PLEKHA6|PLEKHF2|POU5F1B|RNF139|RUNX1T1|RYR2|SHANK2|SLC26A7|SPTA1|TCHH|TG|TP53|TP53INP1|TRIQK|TRPS1|TTN|ZP4
172,78,ABRA|ADCK5|ADSS|AHCTF1|ANO1|ARC|ARHGAP39|ARID4B|BAALC|BAI1|BCL9|CDH1|CEP170|COL14A1|COL22A1|CSMD1|CSMD3|DENND3|EFR3A|EPPK1|ERBB2|ERLIN2|EXO1|FAM135B|FLG|GATA3|GDF6|GLI4|GPR137B|HMCN1|HORMAD1|HSF1|INTS8|KCNQ3|KIF26B|LINC00536|LRP12|LY6D|MTBP|MYEOV|NOTCH2|OBSCN|OR14K1|OR2AK2|OR2L2|OR2T2|OR2T3|OR2T33|OR2T34|OR2W3|ORAOV1|OXR1|PDE4DIP|PIK3CA|PLD5|PLEKHA6|POP1|PPFIA1|PVT1|RIMS2|RN7SL350P|SLC30A8|SNX31|SPTA1|TACC1|TCHH|TG|TMEM74|TP53|TRAPPC9|TRPS1|TTN|UBR5|USH2A|ZFPM2|ZNF670|ZNF695|ZP4
173,55,ADCK5|AHCTF1|ANGPT1|BAI1|CASC8|CCDC166|CEP170|CNBD1|COL14A1|COL22A1|CPSF1|CSMD1|CSMD3|DENND3|DNAH14|EFR3A|ERBB2|FAM135B|FGF4|FGFR1|FMN2|GATA3|GLI4|KCNV1|MFSD3|MIR30D|MTBP|MTSS1|MYEOV|NSMCE2|OBSCN|OR2M2|ORAOV1|OXR1|PCAT1|PKHD1L1|PLD5|PLEKHA6|RIMS2|RN7SL350P|RUNX1T1|SDC2|SETDB1|TACC1|TAF2|TBC1D31|TMEM75|TP53|TRPS1|TSNARE1|VPS13B|WISP1|ZFPM2|ZNF251|snoU13|ENSG00000238372.1
174,48,ABRA|ACTN2|AHCTF1|ASH1L|ATP6V1C1|CASC7|CNBD1|COL22A1|CSMD1|CYP11B1|EFR3A|EPPK1|ERLIN2|FAM135B|FLG|GATA3|GDF6|GLI4|KCNU1|KLHL38|LRP12|LRRC24|LY6D|MFSD3|MIR1208|MIR30D|MTSS1|MYEOV|NECAB1|NLRP3|NOV|NSMCE2|OR2L2|ORAOV1|PIK3CA|POU5F1B|PPAPDC1B|RECQL4|RN7SL350P|RUNX1T1|SLC26A7|SPTA1|TMEM75|TRIQK|UBR5|VPS13B|ZFPM2|ZHX1
175,74,ACTN2|ADSS|AGO2|AHCTF1|AKT3|ANO1|ARC|ARID4B|BCL9|CA14|CDH1|COL14A1|COL22A1|CSMD3|CYP11B1|CYP11B2|DPY19L4|DSCC1|EIF3H|EPPK1|ERBB2|ERLIN2|EXT1|FAM91A1|FGFR1|FLG|FLG2|GATA3|HHLA1|HSF1|INTS8|KCNQ3|KIAA1429|MYC|MYEOV|NID1|NOTCH2|OR14K1|OR2AK2|OR2L2|OR2L3|OR2L8|OR2T2|OR2T3|OR2T34|PDE4DIP|PIK3CA|PLD5|PLEC|PLEKHF2|POU5F1B|PVT1|RAD54B|RIMS2|RUNX1T1|RYR2|SPTA1|TACC1|TARBP1|TBC1D31|TCHH|TFB2M|TMEM67|TMEM71|TP53|TRAPPC9|TRPS1|TTN|UBR5|WISP1|ZFAT|ZFPM2|ZNF670|ZP4
176,46,ADSS|AHCTF1|ATAD2|CDC42BPA|CDH1|CSMD1|CYP11B1|DDHD2|DESI2|DNAH14|EMC2|EPPK1|ERBB2|FLG|FMN2|GATA3|GPR137B|GRHL2|HHLA1|HMCN1|KMO|LYST|MED30|NOTCH2|NSMCE2|OBSCN|OR2AK2|OR2C3|OR2L13|OR2T2|OR2T34|PIK3CA|PLD5|PLEKHA6|RGS7|RUNX1T1|RYR2|SDC2|SHANK2|TARBP1|TCHH|TP53|TRIM67|UBR5|USH2A|ZP4
177,54,ANO1|BAALC|BAG4|BAI1|CCDC166|CDH1|COL22A1|CSMD1|CSMD3|CYP11B1|DCAF13|DGAT1|EFR3A|EPPK1|ERLIN2|FLG|GATA3|GPR137B|HHLA1|HSF1|INTS8|IRF2BP2|LETM2|LRRC6|LY6D|MATN2|MIR30D|NDUFB9|NECAB1|NID1|NIPAL2|OBSCN|OR2T1|OR2T2|OR2T3|PIK3CA|PKHD1L1|POU5F1B|RGS7|RIMS2|RNF139|RUNX1T1|SNX31|TACC1|TARBP1|TP53|TRAPPC9|TRIM67|TRPS1|TTN|USH2A|ZFPM2|ZNF670|ZP4
178,52,ADSS|AHCTF1|ASH1L|CA14|CDC42BPA|CDH1|CEP170|COL14A1|CSMD1|CSMD3|CYP11B1|ENPP2|ERBB2|ERLIN2|EXO1|FLG|GATA3|HHLA1|HMCN1|KCNU1|KIF26B|MED30|NECAB1|OBSCN|OPLAH|OR2L13|OR2T34|OR2T35|ORAOV1|OXR1|PIK3CA|PLD5|PLEKHA6|PPFIA1|RECQL4|RGS7|RPL8|RYR2|SETDB1|SIPA1L2|TARBP1|TCHH|TP53|TRAPPC9|TRPS1|TTN|UBR5|USH2A|ZNF250|ZNF496|ZNF670|ZP4
179,63,AHCTF1|BAG4|BCL9|CDH1|CDH17|COL22A1|CSMD1|CSMD3|CYP11B2|DDHD2|DNAH14|ERBB2|FAM135B|FAM49B|FGF4|FLG|FLG2|GATA3|GPR137B|GRHL2|HMCN1|INTS8|KCNS2|KCNU1|LRP12|LRRC6|LYST|MIR30D|MYC|MYEOV|NDUFB9|NOTCH2|OBSCN|OR2AK2|OR2C3|OR2L8|OR2T2|OR2T3|OR2T34|PDE4DIP|PIK3CA|PKHD1L1|PLEC|PVT1|RAB11FIP1|RAD54B|RIMS2|RN7SL350P|RUNX1T1|RYR2|SDC2|SLC52A2|TACC1|TAF2|TARBP1|TG|TP53|TRIM67|TTN|USH2A|VPS13B|WHSC1L1|ZNF623
180,65,ACTN2|AKT3|ARHGAP39|BAG4|BAI1|CASC7|CDH1|CNBD1|COL14A1|COL22A1|CSMD1|CSMD3|CYP11B1|DENND3|EFR3A|ERBB2|ESRP1|FER1L6|FGFR1|FLG|GATA3|GLI4|GPR137B|HHLA1|HMCN1|INTS8|KCNQ3|KCNU1|LINC00977|MIR548AA1|MTBP|MTDH|MYC|NLRP3|NOTCH2|OC90|ORAOV1|OXR1|PCNXL2|PIK3CA|PLEKHA6|PLEKHF2|RAB11FIP1|RAD21|RGS7|RIMS2|RUNX1T1|RYR2|SHANK2|SLC26A7|SNTB1|SNX31|SPTA1|TACC1|TAF2|TARBP1|TP53|TRIM67|TRPS1|TTN|USH2A|VPS13B|WHSC1L1|WISP1|ZFPM2
181,58,ACTN2|ADCK5|ADCY8|AHCTF1|ANO1|BAALC|CA14|CDH1|COL14A1|COL22A1|CSMD1|CSMD3|DNAH14|DSCC1|EPPK1|ERBB2|ERLIN2|FAM49B|FER1L6|FLG2|FMN2|GATA3|GLI4|HMCN1|INTS8|KCNU1|MYC|MYEOV|NOTCH2|OBSCN|OR2M5|OR2T1|OR2T34|ORAOV1|OXR1|PDE4DIP|PIK3CA|PLD5|PLEKHA6|PVT1|RAD54B|RIMS2|RUNX1T1|RYR2|SHANK2|SPTA1|TARBP1|TCHH|TG|TP53|TRPS1|TTN|USH2A|WHSC1L1|YWHAZ|ZFAT|ZFPM2|ZNF670
182,68,ABRA|ACTN2|ADCK5|AHCTF1|ANGPT1|ANO1|ARHGAP39|ASH1L|BAG4|BCL9|CCND1|CDH1|CDH17|COL14A1|COL22A1|CSMD1|CSMD3|DESI2|EFR3A|EPPK1|ERBB2|ERLIN2|FLG|GATA3|HMCN1|HSF1|KCNQ3|KCNU1|MIR1208|MYEOV|NCALD|NDUFB9|NID1|NOTCH2|OBSCN|OR2AK2|OR2L3|OR2T1|OR2T27|OR2T3|OR2T34|OR2T4|ORAOV1|OXR1|PDE4DIP|PIK3CA|PKHD1L1|PTK2|RAD54B|RGS22|RIMS2|RN7SL350P|RNA5SP276|RYR2|SDCCAG8|SHANK2|SLC26A7|SPTA1|TACC1|TARBP1|TCHH|TMEM75|TP53|TRIM67|TTN|ZFPM2|ZNF670|ZP4
183,62,ADCK5|ADCY8|ANO1|ASH1L|ATP6V1C1|BAALC|BAI1|C1orf101|CA14|CCAT1|CDH1|COL22A1|CPSF1|CSMD1|CTTN|DNAH14|DPY19L4|DSCC1|EFR3A|ERBB2|ERLIN2|FLG|FMN2|GATA3|GEM|GPR137B|GSDMC|HMCN1|HSF1|KCNQ3|KCNU1|MATN2|MED30|MIR30D|MYEOV|NOTCH2|OR2B11|OR2L13|OR2T3|ORAOV1|PIK3CA|PLEKHA6|RAB11FIP1|RAD21|RAD54B|RIMS2|RUNX1T1|RYR2|SLC26A7|SLC52A2|SPTA1|STAR|TFB2M|TG|TMEM75|TP53|TTN|VPS13B|ZFPM2|ZNF623|ZNF670|ZP4
184,63,ADCY8|ADSS|ANGPT1|ANO1|ASH1L|BAALC|C8orf86|CA14|CDC42BPA|CDH1|CNST|CSMD1|CSMD3|CYP11B1|DENND3|DNAH14|EFR3A|ERBB2|ERLIN2|FAM135B|FER1L6|FGF4|GATA3|HMCN1|KCNQ3|LRP12|MYEOV|NDUFB9|NOV|OBSCN|OR14K1|OR2G6|OR2L2|OR2T1|OR2T2|OR2T3|OR2T34|OXR1|PCAT1|PDE4DIP|PIK3CA|PLEKHA6|RAD54B|RECQL4|RN7SL350P|RYR2|SHANK2|SLC52A2|SPTA1|TARS2|TMEM75|TP53|TRIM67|TRPS1|TTN|USH2A|WISP1|ZFPM2|ZHX1|ZNF251|ZNF670|ZNF703|ZP4
185,61,ADCY8|ARID4B|ASH1L|BAG4|BAI1|CA14|CDH1|CEP170|CNBD1|COLEC10|CPSF1|CSMD1|CSMD3|CTTN|DNAH14|EFR3A|ENPP2|ERBB2|ERLIN2|FLG|FMN2|GATA3|GOT1L1|GPR137B|GRHL2|HMCN1|KCNQ3|KIF26B|LRP12|LYST|MATN2|MIR30D|MYEOV|OR2AK2|OR2L3|OR2T3|OXR1|PIK3CA|PLD5|PLEC|PLEKHA6|PPFIA1|RIMS2|RN7SL350P|SDC2|SDCCAG8|SLC26A7|SNX31|SPTA1|TBC1D31|TCHH|TFB2M|TMEM71|TP53|TRAPPC9|TRPS1|TTN|USH2A|VPS13B|ZFPM2|ZNF496
186,64,ABRA|ADCY8|AHCTF1|ARC|ASAP1|BAALC|CDH1|CDH17|COL14A1|COL22A1|CSMD1|DNAH14|EFR3A|EPPK1|ERBB2|FAM49B|FMN2|GATA3|GRHL2|GSDMC|HMCN1|HSF1|INTS8|IRF2BP2|KCNQ3|KCNU1|KIAA0196|LYST|MIR2053|MTBP|MYEOV|NID1|NOTCH2|OBSCN|OC90|OR2AK2|OR2C3|OR2L3|OXR1|PDE4DIP|PIK3CA|PLD5|PLEKHA6|PVT1|RGS22|RIMS2|RN7SL350P|RYR2|SDC2|SLC26A7|SPTA1|TARBP1|TCHH|TFB2M|TG|TMEM75|TP53|TRPS1|TTN|USH2A|WHSC1L1|ZFPM2|ZNF670|ZP4
187,78,ABRA|ADAMTSL4|ADCY8|ADSS|AGO2|AHCTF1|BAALC|BAG4|BAI1|CA14|CEP170|CNBD1|COL22A1|CPQ|CSMD1|CSMD3|CYP11B1|CYP11B2|DCAF13|DENND3|DNAH14|EFR3A|ERBB2|ERLIN2|FAM135B|FLG|FLG2|FMN2|GATA3|GDF6|GRHL2|HHLA1|HMCN1|HSF1|KIAA1429|LY6D|MED30|MFSD3|MYC|MYEOV|NDUFB9|NOTCH2|NUDCD1|OBSCN|OR2AK2|OR2C3|OR2T1|OR2T2|OR2T3|PARP10|PDE4DIP|PIK3CA|PLD5|PLEC|PLEKHA6|PPFIA1|PTK2|PVT1|RAB11FIP1|RAD21|RIMS2|RN7SL350P|SETDB1|SHANK2|SLC26A7|SLC52A2|SNX31|SPTA1|TCHH|TG|TP53|TRPS1|TTN|USH2A|ZFAT|ZFPM2|ZNF670|ZP4
188,59,AHCTF1|ANO1|ARC|BCL9|CDC42BPA|CDH1|CDH17|CEP170|CNBD1|CNST|CSMD1|CSMD3|ERBB2|FAM135B|FBXO43|FLG|FMN2|GATA3|GLI4|HHLA1|HSF1|IRF2BP2|KCNU1|LINC00536|MYC|MYEOV|NLRP3|NOTCH2|OBSCN|OR14A16|OR2AK2|OR2L2|OR2T1|OR2T2|OR2W3|PIK3CA|PKHD1L1|PPFIA1|PVT1|RAD54B|RECQL4|RGS7|RIMS2|RUNX1T1|RYR2|SLC26A7|SPTA1|TACC1|TARBP1|TFB2M|TG|TMEM75|TP53|TRPS1|TTN|USH2A|VPS13B|ZNF670|snoU13|ENSG00000238372.1
189,59,ACTN2|ADCK5|ADSS|AHCTF1|ANO1|ARC|ARID4B|ATAD2|CA14|CDC42BPA|CDH1|CNBD1|CSMD1|CYP11B2|DENND3|EFR3A|ENPP2|ERBB2|ERLIN2|FGFR1|FLG|GATA3|GPR137B|HHLA1|KCNQ3|KCNU1|LYST|MYEOV|NID1|NOTCH2|OBSCN|OR2L2|OR2L3|OR2T1|OR2T2|OR2T3|OR2T34|PDE4DIP|PIK3CA|PLD5|PPFIA1|RGS7|RYR2|SLC52A2|SPTA1|TACC1|TARBP1|TARS2|TCHH|TG|TMEM67|TP53|TRAPPC9|TRIM67|TRPS1|TTN|USH2A|VPS13B|ZNF670
190,71,ABRA|AHCTF1|ANGPT1|ANXA13|ASH1L|ATAD2|ATP6V1C1|BAALC|BCL9|CDH1|CDH17|CEP170|COL14A1|COL22A1|CSMD3|DCAF13|DNAH14|DPY19L4|ERBB2|FLG|GATA3|GRHL2|HMCN1|INTS8|IRF2BP2|KHDRBS3|KMO|LAPTM4B|LRP12|MIR2053|MIR3150B|MYC|MYEOV|NOTCH2|NSMCE2|OBSCN|OR2AK2|OR2C3|OR2T2|OR2T33|OR2T34|ORAOV1|OXR1|PDE4DIP|PIK3CA|PKHD1L1|PLD5|PLEKHF2|PPFIA1|RAD21|RECQL4|RGS7|RIMS2|RYR2|SHANK2|SPTA1|TACC1|TCHH|TG|TMEM74|TMEM75|TP53|TRIM67|TTN|USH2A|VPS13B|WHSC1L1|ZFPM2|ZNF496|ZNF670|ZP4
191,59,ADCK5|AHCTF1|ARC|ASAP1|BAG4|BAI1|CASC7|CCDC166|COL22A1|CSMD1|CYP11B2|DENND3|DNAH14|ENPP2|EPPK1|ERBB2|ESRP1|FAM135B|FER1L6|FLG|GATA3|GLI4|GPR137B|INTS8|IRF2BP2|KHDRBS3|KMO|MFSD3|MROH5|MYEOV|OR2AK2|OR2C3|OR2L3|OR2T2|ORAOV1|PARP10|PIK3CA|PLEC|RN7SL350P|RYR2|SCRIB|SHANK2|SLC26A7|SLC30A8|SLC45A4|SLC52A2|SPTA1|TACC1|TG|TMEM71|TMEM74|TP53|TTN|USH2A|VPS13B|ZNF250|ZNF251|ZNF670|ZP4
192,69,ADCK5|ASH1L|BAI1|BCL9|C8orf37|CCAT1|CCND1|CDC42BPA|CDH1|CEP170|COL14A1|COL22A1|CSMD1|CSMD3|DENND3|DNAH14|EFR3A|EIF3H|ERBB2|FAM49B|FER1L6|FLG|FMN2|GATA3|GDF6|GLI4|GOT1L1|HMCN1|KCNK9|KCNU1|LINC00536|MATN2|MIR30D|MYEOV|NDUFB9|NOTCH2|OBSCN|OR2C3|OR2T1|OR2T2|OR2T3|OR2T33|OR2T34|ORAOV1|OXR1|PDE4DIP|PIK3CA|PKHD1L1|PLEKHA6|POU5F1B|PPFIA1|RAD21|RAD54B|RIMS2|RN7SL350P|RYR2|SLC52A2|TARS2|TCHH|TG|TP53|TRAPPC9|TTN|USH2A|VPS13B|ZFAT|ZFPM2|ZNF670|ZP4
193,61,ADCY8|ADSS|ARC|ATP6V1C1|CA14|CDC42BPA|CDH1|CDH17|CSMD1|CSMD3|CYP11B1|ERBB2|FER1L6|GATA3|GLI4|GPR137B|HEATR1|HSF1|IRF2BP2|KCNQ3|LYST|MAPK15|MIR30D|MIR599|MTSS1|MYEOV|NDUFB9|NID1|NIPAL2|NOTCH2|NOV|OBSCN|OR14K1|OR2AK2|OR2T1|OR2T3|ORAOV1|OXR1|PDE4DIP|PIK3CA|PLD5|PLEKHA6|PLEKHF2|PROSC|RAD54B|RECQL4|RIMS2|SLC25A32|SLC26A7|SLC52A2|TACC1|TARBP1|TG|TP53|TRIB1|TRIM67|USH2A|ZFPM2|ZNF16|ZNF623|ZNF670
194,65,ADCK5|ADCY8|ADSS|ANGPT1|ASH1L|BAI1|CDH1|CSMD1|EFR3A|ENPP2|ERBB2|FER1L6|FGFR1|GATA3|GDF6|GRHL2|GSDMC|HMCN1|KCNK9|KCNU1|LINC00536|LSM1|MAPK15|MIR30D|MYC|MYEOV|NLRP3|NOTCH2|OR13G1|OR14K1|OR2AK2|OR2B11|OR2T1|OR2T2|OR2T3|OR2T34|ORAOV1|OXR1|PDE4DIP|PIK3CA|PLEKHA6|POU5F1B|PPFIA1|PVT1|RAD54B|RIMS2|RN7SL350P|RUNX1T1|RYR2|SDCCAG8|SHANK2|SLC26A7|TAF2|TARBP1|TARS2|TCHH|TFB2M|TP53|TRPS1|TTN|UBR5|USH2A|VPS13B|ZFPM2|ZP4
195,66,ABRA|ADCK5|ADCY8|ADSS|AHCTF1|ANO1|ARC|ASH1L|ATAD2|ATP6V1C1|BCL9|CDC42BPA|CDH1|CEP170|CSMD1|CSMD3|DNAH14|EFR3A|ENPP2|ERBB2|FER1L6|FGF4|FLG|GATA3|HHLA1|HSF1|INTS8|KCNU1|LRRC6|MIR30D|MIR548AA1|MIR599|NOTCH2|NOV|OBSCN|OR13G1|OR14I1|OR14K1|OR2AK2|OR2T2|ORAOV1|PDE4DIP|PIK3CA|PKHD1L1|PLEC|PPFIA1|PVT1|RAD54B|RIMS2|RNF139|SDCCAG8|SHANK2|SLC26A7|SLC52A2|SPTA1|TARBP1|TBC1D31|TCHH|TP53|TRAPPC9|TRIM67|TRPS1|TTN|USH2A|VPS13B|WISP1
196,56,ABRA|ADCY8|AGO2|AHCTF1|ASH1L|ATP6V1C1|BAG4|BAI1|BCL9|CDH1|CNBD1|COL22A1|CSMD1|CSMD3|CTTN|CYP11B1|DENND3|DNAH14|ENPP2|ERBB2|FER1L6|FLG|FLG2|GATA3|GLI4|HHLA1|HSF1|KCNU1|KHDRBS3|KIF26B|MAPK15|MYEOV|NDUFB9|NOTCH2|NRBP2|OR2T2|OSR2|OXR1|PDE4DIP|PIK3CA|PLD5|PPFIA1|PVT1|RIMS2|RN7SL350P|RYR2|SHANK2|SPTA1|TMEM74|TP53|TRAPPC9|TRIM67|TRPS1|TTN|VPS13B|ZFPM2
197,63,AHCTF1|ANO1|ATAD2|BAALC|BAG4|CCDC166|CNBD1|CPSF1|CSMD1|CSMD3|DNAH14|DPY19L4|EFR3A|ENPP2|EPPK1|ERBB2|FAM135B|FGFR1|FLG|FMN2|GATA3|GDF6|GOT1L1|GPR137B|HMCN1|HSF1|KCNU1|KHDRBS3|LINC00536|LYST|MED30|MIR3151|MTSS1|MYC|NOTCH2|OR13G1|OR2T1|OR2T2|OSR2|PARP10|PDE4DIP|PIK3CA|PLD5|PLEC|PLEKHA6|PPAPDC1B|RIMS2|RN7SL350P|RYR2|SHANK2|SIPA1L2|SPTA1|TACC1|TG|TP53|TRIM67|TRPS1|TTN|UBR5|USH2A|VPS13B|ZP4|snoU13|ENSG00000238372.1
198,63,ADCY8|AHCTF1|ANO1|BAG4|BCL9|CA14|CDC42BPA|CDH1|CNBD1|CPQ|CSMD1|CSMD3|CTTN|DENND3|DNAH14|ENPP2|FAM135B|FGFR1|FLG|GATA3|GLI4|GOT1L1|GRHL2|HMCN1|KIAA1429|LINC00536|MYC|MYEOV|NOTCH2|OBSCN|OR14K1|OR2AK2|OR2C3|OR2L2|OR2L3|OR2T2|OR2T34|ORAOV1|OXR1|PIK3CA|PKHD1L1|PLD5|PLEC|PPFIA1|RIMS2|RN7SL350P|RYR2|SHANK2|SIPA1L2|SLC25A32|SLC52A2|SNX31|TACC1|TAF2|TARBP1|TCHH|TP53|TRPS1|TTN|ZFAT|ZFPM2|ZNF670|ZP4
199,67,ADCY8|AGO2|AHCTF1|ANO1|ARC|ATP6V1C1|BAG4|BAI1|BCL9|CDH1|CNBD1|COL22A1|CSMD1|CSMD3|DENND3|DNAH14|EFR3A|ENPP2|ERBB2|ERLIN2|FGFR1|FMN2|GATA3|GLI4|GPR137B|HMCN1|HSF1|INTS8|IRF2BP2|KCNQ3|KHDRBS3|LRP12|MYC|MYEOV|NDUFB9|NOTCH2|OBSCN|OR2AK2|OR2C3|OR2T2|OR2T33|OR2T34|PIK3CA|PKHD1L1|PLD5|PLEC|PPFIA1|PVT1|RAD21|RAD54B|RNF19A|SHANK2|SLC26A7|SLC30A8|SLC52A2|TARBP1|TBC1D31|TMEM71|TP53|TRAPPC9|TRIM58|TRIM67|TTN|VPS13B|ZFPM2|ZNF670|ZP4
200,55,ADCK5|ANO1|ASAP1|BAALC|BAG4|BAI1|BCL9|CDH1|COL22A1|CPSF1|CSMD1|CYP11B1|DENND3|DNAH14|EFR3A|EIF3H|ENPP2|ERLIN2|FAM135B|FER1L6|GATA3|GDF6|GLI4|GRHL2|GSDMC|HHLA1|LYST|MIR30D|MYC|MYEOV|NCALD|NDUFB9|OBSCN|OR2M2|PIK3CA|PPFIA1|RAB11FIP1|RAD54B|RIMS2|RYR2|SLC26A7|SLC52A2|SPTA1|TACC1|TAF2|TARBP1|TMEM74|TMEM75|TP53|TRPS1|TSNARE1|TTN|WHSC1L1|ZFPM2|ZP4
